-- Migration 0004 — Oria master menu / SHOPHOUSE_GIA_MENU.
-- Generated from SHOPHOUSE_GIA_MENU_FOR_WEB_with_unit.xlsx
-- 12 categories, 147 products
--
-- Strategy:
--   1. Soft-deactivate everything that's already in the DB so the UI
--      doesn't show old fruit-house demo data alongside the new master.
--   2. Upsert the 12 categories with hierarchy.
--   3. Upsert all products + create matching 0-quantity inventory rows.
--
PRAGMA foreign_keys = ON;

-- 1) Deactivate previous demo data ----------------------------------
UPDATE products   SET is_active = 0, updated_at = strftime('%s','now')*1000 WHERE id LIKE 'p-%';
UPDATE categories SET is_active = 0, updated_at = strftime('%s','now')*1000 WHERE id IN ('fresh-juice','smoothie','cut-fruit','fruit-box','combo');

-- 2) Categories (level 1) -------------------------------------------
INSERT INTO categories (id, label, icon, sort_order, is_active, updated_at, parent_id, level, code) VALUES ('fruits', 'Trái cây / Fruits', '🍎', 10000, 1, strftime('%s','now')*1000, NULL, 1, '10000') ON CONFLICT(id) DO UPDATE SET label=excluded.label, icon=excluded.icon, sort_order=excluded.sort_order, is_active=1, parent_id=excluded.parent_id, level=excluded.level, code=excluded.code, updated_at=excluded.updated_at;
INSERT INTO categories (id, label, icon, sort_order, is_active, updated_at, parent_id, level, code) VALUES ('smoothies', 'Sinh tố / Smoothies', '🥤', 20000, 1, strftime('%s','now')*1000, NULL, 1, '20000') ON CONFLICT(id) DO UPDATE SET label=excluded.label, icon=excluded.icon, sort_order=excluded.sort_order, is_active=1, parent_id=excluded.parent_id, level=excluded.level, code=excluded.code, updated_at=excluded.updated_at;
INSERT INTO categories (id, label, icon, sort_order, is_active, updated_at, parent_id, level, code) VALUES ('juices', 'Nước ép / Juices', '🍊', 30000, 1, strftime('%s','now')*1000, NULL, 1, '30000') ON CONFLICT(id) DO UPDATE SET label=excluded.label, icon=excluded.icon, sort_order=excluded.sort_order, is_active=1, parent_id=excluded.parent_id, level=excluded.level, code=excluded.code, updated_at=excluded.updated_at;
INSERT INTO categories (id, label, icon, sort_order, is_active, updated_at, parent_id, level, code) VALUES ('nutritious-drinks', 'Thức uống dinh dưỡng / Nutritious Drinks', '💪', 40000, 1, strftime('%s','now')*1000, NULL, 1, '40000') ON CONFLICT(id) DO UPDATE SET label=excluded.label, icon=excluded.icon, sort_order=excluded.sort_order, is_active=1, parent_id=excluded.parent_id, level=excluded.level, code=excluded.code, updated_at=excluded.updated_at;
INSERT INTO categories (id, label, icon, sort_order, is_active, updated_at, parent_id, level, code) VALUES ('refreshing-drinks', 'Thức uống giải khát / Refreshing Beverages', '🧃', 50000, 1, strftime('%s','now')*1000, NULL, 1, '50000') ON CONFLICT(id) DO UPDATE SET label=excluded.label, icon=excluded.icon, sort_order=excluded.sort_order, is_active=1, parent_id=excluded.parent_id, level=excluded.level, code=excluded.code, updated_at=excluded.updated_at;
INSERT INTO categories (id, label, icon, sort_order, is_active, updated_at, parent_id, level, code) VALUES ('essentials', 'Nhu yếu phẩm / Essentials & Convenience Goods', '🛒', 60000, 1, strftime('%s','now')*1000, NULL, 1, '60000') ON CONFLICT(id) DO UPDATE SET label=excluded.label, icon=excluded.icon, sort_order=excluded.sort_order, is_active=1, parent_id=excluded.parent_id, level=excluded.level, code=excluded.code, updated_at=excluded.updated_at;

-- 2b) Categories (level 2 - children of essentials) -----------------
INSERT INTO categories (id, label, icon, sort_order, is_active, updated_at, parent_id, level, code) VALUES ('snacks', 'Đồ ăn nhanh và đồ ăn vặt / Fast Food & Snacks', '🍿', 61000, 1, strftime('%s','now')*1000, 'essentials', 2, '61000') ON CONFLICT(id) DO UPDATE SET label=excluded.label, icon=excluded.icon, sort_order=excluded.sort_order, is_active=1, parent_id=excluded.parent_id, level=excluded.level, code=excluded.code, updated_at=excluded.updated_at;
INSERT INTO categories (id, label, icon, sort_order, is_active, updated_at, parent_id, level, code) VALUES ('beverages', 'Thức uống, sữa, ngũ cốc / Beverages, Milk & Cereals', '🥛', 62000, 1, strftime('%s','now')*1000, 'essentials', 2, '62000') ON CONFLICT(id) DO UPDATE SET label=excluded.label, icon=excluded.icon, sort_order=excluded.sort_order, is_active=1, parent_id=excluded.parent_id, level=excluded.level, code=excluded.code, updated_at=excluded.updated_at;
INSERT INTO categories (id, label, icon, sort_order, is_active, updated_at, parent_id, level, code) VALUES ('pantry', 'Nguyên liệu khô và thực phẩm thiết yếu trong bếp / Pantry & Kitchen Staples', '🥫', 63000, 1, strftime('%s','now')*1000, 'essentials', 2, '63000') ON CONFLICT(id) DO UPDATE SET label=excluded.label, icon=excluded.icon, sort_order=excluded.sort_order, is_active=1, parent_id=excluded.parent_id, level=excluded.level, code=excluded.code, updated_at=excluded.updated_at;
INSERT INTO categories (id, label, icon, sort_order, is_active, updated_at, parent_id, level, code) VALUES ('personal-care', 'Chăm sóc cá nhân & vệ sinh / Personal Care & Hygiene', '🧴', 64000, 1, strftime('%s','now')*1000, 'essentials', 2, '64000') ON CONFLICT(id) DO UPDATE SET label=excluded.label, icon=excluded.icon, sort_order=excluded.sort_order, is_active=1, parent_id=excluded.parent_id, level=excluded.level, code=excluded.code, updated_at=excluded.updated_at;
INSERT INTO categories (id, label, icon, sort_order, is_active, updated_at, parent_id, level, code) VALUES ('household', 'Đồ gia dụng, vệ sinh nhà cửa và hàng thiết yếu / Household, Cleaning & Home Essentials', '🧹', 65000, 1, strftime('%s','now')*1000, 'essentials', 2, '65000') ON CONFLICT(id) DO UPDATE SET label=excluded.label, icon=excluded.icon, sort_order=excluded.sort_order, is_active=1, parent_id=excluded.parent_id, level=excluded.level, code=excluded.code, updated_at=excluded.updated_at;
INSERT INTO categories (id, label, icon, sort_order, is_active, updated_at, parent_id, level, code) VALUES ('packaging', 'Dụng cụ, bao bì, đồ dùng một lần / Utensils, Packaging & Disposable Food Ware', '🥡', 66000, 1, strftime('%s','now')*1000, 'essentials', 2, '66000') ON CONFLICT(id) DO UPDATE SET label=excluded.label, icon=excluded.icon, sort_order=excluded.sort_order, is_active=1, parent_id=excluded.parent_id, level=excluded.level, code=excluded.code, updated_at=excluded.updated_at;

-- 3) Products ------------------------------------------------------
INSERT INTO products (id, name, category_id, price, cost_price, barcode, image, description, component_ids, min_stock, is_active, updated_at, unit, sku_code) VALUES ('ORIA61001', 'PHO GA DE NHAT ACE 67G', 'snacks', 12000, 0, 'ORIA61001', '🍜', NULL, '[]', 0, 1, strftime('%s','now')*1000, 'Gói', 'ORIA61001') ON CONFLICT(id) DO UPDATE SET name=excluded.name, category_id=excluded.category_id, price=excluded.price, barcode=excluded.barcode, image=excluded.image, is_active=1, updated_at=excluded.updated_at, unit=excluded.unit, sku_code=excluded.sku_code;
INSERT INTO products (id, name, category_id, price, cost_price, barcode, image, description, component_ids, min_stock, is_active, updated_at, unit, sku_code) VALUES ('ORIA61002', 'MI UDON SUKI SUKI NHAT BAN 75G', 'snacks', 13000, 0, 'ORIA61002', '🍜', NULL, '[]', 0, 1, strftime('%s','now')*1000, 'Gói', 'ORIA61002') ON CONFLICT(id) DO UPDATE SET name=excluded.name, category_id=excluded.category_id, price=excluded.price, barcode=excluded.barcode, image=excluded.image, is_active=1, updated_at=excluded.updated_at, unit=excluded.unit, sku_code=excluded.sku_code;
INSERT INTO products (id, name, category_id, price, cost_price, barcode, image, description, component_ids, min_stock, is_active, updated_at, unit, sku_code) VALUES ('ORIA61003', 'MI LY XOT TUONG DEN OTOKI 70G', 'snacks', 22000, 0, 'ORIA61003', '🍜', NULL, '[]', 0, 1, strftime('%s','now')*1000, 'LY', 'ORIA61003') ON CONFLICT(id) DO UPDATE SET name=excluded.name, category_id=excluded.category_id, price=excluded.price, barcode=excluded.barcode, image=excluded.image, is_active=1, updated_at=excluded.updated_at, unit=excluded.unit, sku_code=excluded.sku_code;
INSERT INTO products (id, name, category_id, price, cost_price, barcode, image, description, component_ids, min_stock, is_active, updated_at, unit, sku_code) VALUES ('ORIA61004', 'MI LY SHIN NONGSHIM 68G', 'snacks', 32000, 0, 'ORIA61004', '🍜', NULL, '[]', 0, 1, strftime('%s','now')*1000, 'LY', 'ORIA61004') ON CONFLICT(id) DO UPDATE SET name=excluded.name, category_id=excluded.category_id, price=excluded.price, barcode=excluded.barcode, image=excluded.image, is_active=1, updated_at=excluded.updated_at, unit=excluded.unit, sku_code=excluded.sku_code;
INSERT INTO products (id, name, category_id, price, cost_price, barcode, image, description, component_ids, min_stock, is_active, updated_at, unit, sku_code) VALUES ('ORIA61005', 'MI JIN XOT TUONG DEN 135G', 'snacks', 28000, 0, 'ORIA61005', '🍜', NULL, '[]', 0, 1, strftime('%s','now')*1000, 'Chai', 'ORIA61005') ON CONFLICT(id) DO UPDATE SET name=excluded.name, category_id=excluded.category_id, price=excluded.price, barcode=excluded.barcode, image=excluded.image, is_active=1, updated_at=excluded.updated_at, unit=excluded.unit, sku_code=excluded.sku_code;
INSERT INTO products (id, name, category_id, price, cost_price, barcode, image, description, component_ids, min_stock, is_active, updated_at, unit, sku_code) VALUES ('ORIA61006', 'MI SHIN RAMYUN 120G', 'snacks', 33000, 0, 'ORIA61006', '🍜', NULL, '[]', 0, 1, strftime('%s','now')*1000, 'Gói', 'ORIA61006') ON CONFLICT(id) DO UPDATE SET name=excluded.name, category_id=excluded.category_id, price=excluded.price, barcode=excluded.barcode, image=excluded.image, is_active=1, updated_at=excluded.updated_at, unit=excluded.unit, sku_code=excluded.sku_code;
INSERT INTO products (id, name, category_id, price, cost_price, barcode, image, description, component_ids, min_stock, is_active, updated_at, unit, sku_code) VALUES ('ORIA61007', 'MI LY MODERN L.THAI TOM67G', 'snacks', 12000, 0, 'ORIA61007', '🍜', NULL, '[]', 0, 1, strftime('%s','now')*1000, 'LY', 'ORIA61007') ON CONFLICT(id) DO UPDATE SET name=excluded.name, category_id=excluded.category_id, price=excluded.price, barcode=excluded.barcode, image=excluded.image, is_active=1, updated_at=excluded.updated_at, unit=excluded.unit, sku_code=excluded.sku_code;
INSERT INTO products (id, name, category_id, price, cost_price, barcode, image, description, component_ids, min_stock, is_active, updated_at, unit, sku_code) VALUES ('ORIA61008', 'MIEN S.HEO PHU HUONG ACE55G', 'snacks', 15000, 0, 'ORIA61008', '🍜', NULL, '[]', 0, 1, strftime('%s','now')*1000, 'Gói', 'ORIA61008') ON CONFLICT(id) DO UPDATE SET name=excluded.name, category_id=excluded.category_id, price=excluded.price, barcode=excluded.barcode, image=excluded.image, is_active=1, updated_at=excluded.updated_at, unit=excluded.unit, sku_code=excluded.sku_code;
INSERT INTO products (id, name, category_id, price, cost_price, barcode, image, description, component_ids, min_stock, is_active, updated_at, unit, sku_code) VALUES ('ORIA61009', 'TOKPOKKI PHO MAI O FOOD 105G*3', 'snacks', 30000, 0, 'ORIA61009', '🍜', NULL, '[]', 0, 1, strftime('%s','now')*1000, 'Hộp', 'ORIA61009') ON CONFLICT(id) DO UPDATE SET name=excluded.name, category_id=excluded.category_id, price=excluded.price, barcode=excluded.barcode, image=excluded.image, is_active=1, updated_at=excluded.updated_at, unit=excluded.unit, sku_code=excluded.sku_code;
INSERT INTO products (id, name, category_id, price, cost_price, barcode, image, description, component_ids, min_stock, is_active, updated_at, unit, sku_code) VALUES ('ORIA61010', 'R.BIEN TRON K.GA OFOOD 30/40G', 'snacks', 49500, 0, 'ORIA61010', '🛒', NULL, '[]', 0, 1, strftime('%s','now')*1000, 'Gói', 'ORIA61010') ON CONFLICT(id) DO UPDATE SET name=excluded.name, category_id=excluded.category_id, price=excluded.price, barcode=excluded.barcode, image=excluded.image, is_active=1, updated_at=excluded.updated_at, unit=excluded.unit, sku_code=excluded.sku_code;
INSERT INTO products (id, name, category_id, price, cost_price, barcode, image, description, component_ids, min_stock, is_active, updated_at, unit, sku_code) VALUES ('ORIA61011', 'R.BIEN TRON H.SAN OFOOD30/40G', 'snacks', 55000, 0, 'ORIA61011', '🛒', NULL, '[]', 0, 1, strftime('%s','now')*1000, 'Gói', 'ORIA61011') ON CONFLICT(id) DO UPDATE SET name=excluded.name, category_id=excluded.category_id, price=excluded.price, barcode=excluded.barcode, image=excluded.image, is_active=1, updated_at=excluded.updated_at, unit=excluded.unit, sku_code=excluded.sku_code;
INSERT INTO products (id, name, category_id, price, cost_price, barcode, image, description, component_ids, min_stock, is_active, updated_at, unit, sku_code) VALUES ('ORIA61012', 'R.BIEN TRON NNHAN OFOOD30/40G', 'snacks', 55000, 0, 'ORIA61012', '🛒', NULL, '[]', 0, 1, strftime('%s','now')*1000, 'Gói', 'ORIA61012') ON CONFLICT(id) DO UPDATE SET name=excluded.name, category_id=excluded.category_id, price=excluded.price, barcode=excluded.barcode, image=excluded.image, is_active=1, updated_at=excluded.updated_at, unit=excluded.unit, sku_code=excluded.sku_code;
INSERT INTO products (id, name, category_id, price, cost_price, barcode, image, description, component_ids, min_stock, is_active, updated_at, unit, sku_code) VALUES ('ORIA61013', 'L.KIM OFOOD T.DAU OLIU(6+3)*5G', 'snacks', 10000, 0, 'ORIA61013', '🥫', NULL, '[]', 0, 1, strftime('%s','now')*1000, 'Gói', 'ORIA61013') ON CONFLICT(id) DO UPDATE SET name=excluded.name, category_id=excluded.category_id, price=excluded.price, barcode=excluded.barcode, image=excluded.image, is_active=1, updated_at=excluded.updated_at, unit=excluded.unit, sku_code=excluded.sku_code;
INSERT INTO products (id, name, category_id, price, cost_price, barcode, image, description, component_ids, min_stock, is_active, updated_at, unit, sku_code) VALUES ('ORIA61014', 'B.OREO SCL VAN 110.4/105G', 'snacks', 21000, 0, 'ORIA61014', '🍪', NULL, '[]', 0, 1, strftime('%s','now')*1000, 'Gói', 'ORIA61014') ON CONFLICT(id) DO UPDATE SET name=excluded.name, category_id=excluded.category_id, price=excluded.price, barcode=excluded.barcode, image=excluded.image, is_active=1, updated_at=excluded.updated_at, unit=excluded.unit, sku_code=excluded.sku_code;
INSERT INTO products (id, name, category_id, price, cost_price, barcode, image, description, component_ids, min_stock, is_active, updated_at, unit, sku_code) VALUES ('ORIA61015', 'B.OREO KEM V.QUAT110.4/105G', 'snacks', 22000, 0, 'ORIA61015', '🍪', NULL, '[]', 0, 1, strftime('%s','now')*1000, 'Gói', 'ORIA61015') ON CONFLICT(id) DO UPDATE SET name=excluded.name, category_id=excluded.category_id, price=excluded.price, barcode=excluded.barcode, image=excluded.image, is_active=1, updated_at=excluded.updated_at, unit=excluded.unit, sku_code=excluded.sku_code;
INSERT INTO products (id, name, category_id, price, cost_price, barcode, image, description, component_ids, min_stock, is_active, updated_at, unit, sku_code) VALUES ('ORIA61016', 'B.OREO SOCOLA 110.4/105G', 'snacks', 22000, 0, 'ORIA61016', '🍪', NULL, '[]', 0, 1, strftime('%s','now')*1000, 'Gói', 'ORIA61016') ON CONFLICT(id) DO UPDATE SET name=excluded.name, category_id=excluded.category_id, price=excluded.price, barcode=excluded.barcode, image=excluded.image, is_active=1, updated_at=excluded.updated_at, unit=excluded.unit, sku_code=excluded.sku_code;
INSERT INTO products (id, name, category_id, price, cost_price, barcode, image, description, component_ids, min_stock, is_active, updated_at, unit, sku_code) VALUES ('ORIA61017', 'KHOAITAYCHIEN SLIDEORIGINAL60G', 'snacks', 36500, 0, 'ORIA61017', '🍪', NULL, '[]', 0, 1, strftime('%s','now')*1000, 'Ống', 'ORIA61017') ON CONFLICT(id) DO UPDATE SET name=excluded.name, category_id=excluded.category_id, price=excluded.price, barcode=excluded.barcode, image=excluded.image, is_active=1, updated_at=excluded.updated_at, unit=excluded.unit, sku_code=excluded.sku_code;
INSERT INTO products (id, name, category_id, price, cost_price, barcode, image, description, component_ids, min_stock, is_active, updated_at, unit, sku_code) VALUES ('ORIA61018', 'KTC SLIDE PHO MAI 65G/60G/75G', 'snacks', 36500, 0, 'ORIA61018', '🍜', NULL, '[]', 0, 1, strftime('%s','now')*1000, 'Ống', 'ORIA61018') ON CONFLICT(id) DO UPDATE SET name=excluded.name, category_id=excluded.category_id, price=excluded.price, barcode=excluded.barcode, image=excluded.image, is_active=1, updated_at=excluded.updated_at, unit=excluded.unit, sku_code=excluded.sku_code;
INSERT INTO products (id, name, category_id, price, cost_price, barcode, image, description, component_ids, min_stock, is_active, updated_at, unit, sku_code) VALUES ('ORIA61019', 'KTC SLIDE HOT&SPICY65G/60G/75G', 'snacks', 36500, 0, 'ORIA61019', '🍪', NULL, '[]', 0, 1, strftime('%s','now')*1000, 'Ống', 'ORIA61019') ON CONFLICT(id) DO UPDATE SET name=excluded.name, category_id=excluded.category_id, price=excluded.price, barcode=excluded.barcode, image=excluded.image, is_active=1, updated_at=excluded.updated_at, unit=excluded.unit, sku_code=excluded.sku_code;
INSERT INTO products (id, name, category_id, price, cost_price, barcode, image, description, component_ids, min_stock, is_active, updated_at, unit, sku_code) VALUES ('ORIA61020', 'KTC SLIDE SOUR CR 65G/60G', 'snacks', 38000, 0, 'ORIA61020', '🍪', NULL, '[]', 0, 1, strftime('%s','now')*1000, 'Ống', 'ORIA61020') ON CONFLICT(id) DO UPDATE SET name=excluded.name, category_id=excluded.category_id, price=excluded.price, barcode=excluded.barcode, image=excluded.image, is_active=1, updated_at=excluded.updated_at, unit=excluded.unit, sku_code=excluded.sku_code;
INSERT INTO products (id, name, category_id, price, cost_price, barcode, image, description, component_ids, min_stock, is_active, updated_at, unit, sku_code) VALUES ('ORIA61021', 'KTC SLIDE BBQ 65G/60G', 'snacks', 38000, 0, 'ORIA61021', '🍪', NULL, '[]', 0, 1, strftime('%s','now')*1000, 'Ống', 'ORIA61021') ON CONFLICT(id) DO UPDATE SET name=excluded.name, category_id=excluded.category_id, price=excluded.price, barcode=excluded.barcode, image=excluded.image, is_active=1, updated_at=excluded.updated_at, unit=excluded.unit, sku_code=excluded.sku_code;
INSERT INTO products (id, name, category_id, price, cost_price, barcode, image, description, component_ids, min_stock, is_active, updated_at, unit, sku_code) VALUES ('ORIA61022', 'B.QUE MIX VI TTHONG 150G', 'snacks', 46500, 0, 'ORIA61022', '🍪', NULL, '[]', 0, 1, strftime('%s','now')*1000, 'Hộp', 'ORIA61022') ON CONFLICT(id) DO UPDATE SET name=excluded.name, category_id=excluded.category_id, price=excluded.price, barcode=excluded.barcode, image=excluded.image, is_active=1, updated_at=excluded.updated_at, unit=excluded.unit, sku_code=excluded.sku_code;
INSERT INTO products (id, name, category_id, price, cost_price, barcode, image, description, component_ids, min_stock, is_active, updated_at, unit, sku_code) VALUES ('ORIA61023', 'B.QUE MIX GA CAY 25/20G*12', 'snacks', 8000, 0, 'ORIA61023', '🍪', NULL, '[]', 0, 1, strftime('%s','now')*1000, 'Gói', 'ORIA61023') ON CONFLICT(id) DO UPDATE SET name=excluded.name, category_id=excluded.category_id, price=excluded.price, barcode=excluded.barcode, image=excluded.image, is_active=1, updated_at=excluded.updated_at, unit=excluded.unit, sku_code=excluded.sku_code;
INSERT INTO products (id, name, category_id, price, cost_price, barcode, image, description, component_ids, min_stock, is_active, updated_at, unit, sku_code) VALUES ('ORIA61024', 'B.QUE DO BACON STICK 20G131', 'snacks', 10000, 0, 'ORIA61024', '🍪', NULL, '[]', 0, 1, strftime('%s','now')*1000, 'Gói', 'ORIA61024') ON CONFLICT(id) DO UPDATE SET name=excluded.name, category_id=excluded.category_id, price=excluded.price, barcode=excluded.barcode, image=excluded.image, is_active=1, updated_at=excluded.updated_at, unit=excluded.unit, sku_code=excluded.sku_code;
INSERT INTO products (id, name, category_id, price, cost_price, barcode, image, description, component_ids, min_stock, is_active, updated_at, unit, sku_code) VALUES ('ORIA61025', 'B.QUE CAM BACON STICK 20G131', 'snacks', 11000, 0, 'ORIA61025', '🍪', NULL, '[]', 0, 1, strftime('%s','now')*1000, 'Gói', 'ORIA61025') ON CONFLICT(id) DO UPDATE SET name=excluded.name, category_id=excluded.category_id, price=excluded.price, barcode=excluded.barcode, image=excluded.image, is_active=1, updated_at=excluded.updated_at, unit=excluded.unit, sku_code=excluded.sku_code;
INSERT INTO products (id, name, category_id, price, cost_price, barcode, image, description, component_ids, min_stock, is_active, updated_at, unit, sku_code) VALUES ('ORIA61026', 'SNACK TOM RUAY PUAN 20G*12GOI', 'snacks', 7000, 0, 'ORIA61026', '🍪', NULL, '[]', 0, 1, strftime('%s','now')*1000, 'Gói', 'ORIA61026') ON CONFLICT(id) DO UPDATE SET name=excluded.name, category_id=excluded.category_id, price=excluded.price, barcode=excluded.barcode, image=excluded.image, is_active=1, updated_at=excluded.updated_at, unit=excluded.unit, sku_code=excluded.sku_code;
INSERT INTO products (id, name, category_id, price, cost_price, barcode, image, description, component_ids, min_stock, is_active, updated_at, unit, sku_code) VALUES ('ORIA61027', 'SNACK TOM V.THINH HANAMI 110G', 'snacks', 76000, 0, 'ORIA61027', '🍜', NULL, '[]', 0, 1, strftime('%s','now')*1000, 'Lon', 'ORIA61027') ON CONFLICT(id) DO UPDATE SET name=excluded.name, category_id=excluded.category_id, price=excluded.price, barcode=excluded.barcode, image=excluded.image, is_active=1, updated_at=excluded.updated_at, unit=excluded.unit, sku_code=excluded.sku_code;
INSERT INTO products (id, name, category_id, price, cost_price, barcode, image, description, component_ids, min_stock, is_active, updated_at, unit, sku_code) VALUES ('ORIA61028', 'BANH TRANG TAN NHIEN OCOP 250G', 'snacks', 31000, 0, 'ORIA61028', '🍪', NULL, '[]', 0, 1, strftime('%s','now')*1000, 'Gói', 'ORIA61028') ON CONFLICT(id) DO UPDATE SET name=excluded.name, category_id=excluded.category_id, price=excluded.price, barcode=excluded.barcode, image=excluded.image, is_active=1, updated_at=excluded.updated_at, unit=excluded.unit, sku_code=excluded.sku_code;
INSERT INTO products (id, name, category_id, price, cost_price, barcode, image, description, component_ids, min_stock, is_active, updated_at, unit, sku_code) VALUES ('ORIA61029', 'BANH CHOCOPIEORION 36.3G*12GOI', 'snacks', 6000, 0, 'ORIA61029', '🍪', NULL, '[]', 0, 1, strftime('%s','now')*1000, 'Gói', 'ORIA61029') ON CONFLICT(id) DO UPDATE SET name=excluded.name, category_id=excluded.category_id, price=excluded.price, barcode=excluded.barcode, image=excluded.image, is_active=1, updated_at=excluded.updated_at, unit=excluded.unit, sku_code=excluded.sku_code;
INSERT INTO products (id, name, category_id, price, cost_price, barcode, image, description, component_ids, min_stock, is_active, updated_at, unit, sku_code) VALUES ('ORIA61030', 'ORION CUSTAS G.DUONG 23.5G*12', 'snacks', 8000, 0, 'ORIA61030', '🥫', NULL, '[]', 0, 1, strftime('%s','now')*1000, 'Gói', 'ORIA61030') ON CONFLICT(id) DO UPDATE SET name=excluded.name, category_id=excluded.category_id, price=excluded.price, barcode=excluded.barcode, image=excluded.image, is_active=1, updated_at=excluded.updated_at, unit=excluded.unit, sku_code=excluded.sku_code;
INSERT INTO products (id, name, category_id, price, cost_price, barcode, image, description, component_ids, min_stock, is_active, updated_at, unit, sku_code) VALUES ('ORIA61031', 'G.XYLITOL SP COOL 55.1G*6', 'snacks', 35000, 0, 'ORIA61031', '🍬', NULL, '[]', 0, 1, strftime('%s','now')*1000, 'Hộp', 'ORIA61031') ON CONFLICT(id) DO UPDATE SET name=excluded.name, category_id=excluded.category_id, price=excluded.price, barcode=excluded.barcode, image=excluded.image, is_active=1, updated_at=excluded.updated_at, unit=excluded.unit, sku_code=excluded.sku_code;
INSERT INTO products (id, name, category_id, price, cost_price, barcode, image, description, component_ids, min_stock, is_active, updated_at, unit, sku_code) VALUES ('ORIA61032', 'KEO THE VIDUAHAU PLAYMORE22G*1', 'snacks', 37000, 0, 'ORIA61032', '🍬', NULL, '[]', 0, 1, strftime('%s','now')*1000, 'Hộp', 'ORIA61032') ON CONFLICT(id) DO UPDATE SET name=excluded.name, category_id=excluded.category_id, price=excluded.price, barcode=excluded.barcode, image=excluded.image, is_active=1, updated_at=excluded.updated_at, unit=excluded.unit, sku_code=excluded.sku_code;
INSERT INTO products (id, name, category_id, price, cost_price, barcode, image, description, component_ids, min_stock, is_active, updated_at, unit, sku_code) VALUES ('ORIA61033', 'KEO PLAYMORE DAU TAY 22G_COC', 'snacks', 37000, 0, 'ORIA61033', '🍬', NULL, '[]', 0, 1, strftime('%s','now')*1000, 'Hộp', 'ORIA61033') ON CONFLICT(id) DO UPDATE SET name=excluded.name, category_id=excluded.category_id, price=excluded.price, barcode=excluded.barcode, image=excluded.image, is_active=1, updated_at=excluded.updated_at, unit=excluded.unit, sku_code=excluded.sku_code;
INSERT INTO products (id, name, category_id, price, cost_price, barcode, image, description, component_ids, min_stock, is_active, updated_at, unit, sku_code) VALUES ('ORIA62002', 'N.T.KHIET DASANI 350ML*1CH', 'beverages', 5000, 0, 'ORIA62002', '🥤', NULL, '[]', 0, 1, strftime('%s','now')*1000, 'Chai', 'ORIA62002') ON CONFLICT(id) DO UPDATE SET name=excluded.name, category_id=excluded.category_id, price=excluded.price, barcode=excluded.barcode, image=excluded.image, is_active=1, updated_at=excluded.updated_at, unit=excluded.unit, sku_code=excluded.sku_code;
INSERT INTO products (id, name, category_id, price, cost_price, barcode, image, description, component_ids, min_stock, is_active, updated_at, unit, sku_code) VALUES ('ORIA62003', 'NTT AQUARIUS K.CALO 390ML*1', 'beverages', 10000, 0, 'ORIA62003', '🥤', NULL, '[]', 0, 1, strftime('%s','now')*1000, 'Chai', 'ORIA62003') ON CONFLICT(id) DO UPDATE SET name=excluded.name, category_id=excluded.category_id, price=excluded.price, barcode=excluded.barcode, image=excluded.image, is_active=1, updated_at=excluded.updated_at, unit=excluded.unit, sku_code=excluded.sku_code;
INSERT INTO products (id, name, category_id, price, cost_price, barcode, image, description, component_ids, min_stock, is_active, updated_at, unit, sku_code) VALUES ('ORIA62004', 'NGK SPRITE SLEEK 320ML*6 (Pack of 6)', 'beverages', 14000, 0, 'ORIA62004', '🥤', NULL, '[]', 0, 1, strftime('%s','now')*1000, 'Lon', 'ORIA62004') ON CONFLICT(id) DO UPDATE SET name=excluded.name, category_id=excluded.category_id, price=excluded.price, barcode=excluded.barcode, image=excluded.image, is_active=1, updated_at=excluded.updated_at, unit=excluded.unit, sku_code=excluded.sku_code;
INSERT INTO products (id, name, category_id, price, cost_price, barcode, image, description, component_ids, min_stock, is_active, updated_at, unit, sku_code) VALUES ('ORIA62005', 'N.N. COCA LIGHT SLEEK 320ML*6 (Pack of 6)', 'beverages', 15000, 0, 'ORIA62005', '🥤', NULL, '[]', 0, 1, strftime('%s','now')*1000, 'Lon', 'ORIA62005') ON CONFLICT(id) DO UPDATE SET name=excluded.name, category_id=excluded.category_id, price=excluded.price, barcode=excluded.barcode, image=excluded.image, is_active=1, updated_at=excluded.updated_at, unit=excluded.unit, sku_code=excluded.sku_code;
INSERT INTO products (id, name, category_id, price, cost_price, barcode, image, description, component_ids, min_stock, is_active, updated_at, unit, sku_code) VALUES ('ORIA62006', 'NGK COCA VANI K.DUONG 320ML*6L (Pack of 6)', 'beverages', 15000, 0, 'ORIA62006', '🥤', NULL, '[]', 0, 1, strftime('%s','now')*1000, 'Lon', 'ORIA62006') ON CONFLICT(id) DO UPDATE SET name=excluded.name, category_id=excluded.category_id, price=excluded.price, barcode=excluded.barcode, image=excluded.image, is_active=1, updated_at=excluded.updated_at, unit=excluded.unit, sku_code=excluded.sku_code;
INSERT INTO products (id, name, category_id, price, cost_price, barcode, image, description, component_ids, min_stock, is_active, updated_at, unit, sku_code) VALUES ('ORIA62007', 'NTL REDBULL THAI KEM 250ML*6L (Pack of 6)', 'beverages', 15500, 0, 'ORIA62007', '🥤', NULL, '[]', 0, 1, strftime('%s','now')*1000, 'Lon', 'ORIA62007') ON CONFLICT(id) DO UPDATE SET name=excluded.name, category_id=excluded.category_id, price=excluded.price, barcode=excluded.barcode, image=excluded.image, is_active=1, updated_at=excluded.updated_at, unit=excluded.unit, sku_code=excluded.sku_code;
INSERT INTO products (id, name, category_id, price, cost_price, barcode, image, description, component_ids, min_stock, is_active, updated_at, unit, sku_code) VALUES ('ORIA62008', 'NUOC T.KHIETAQUAFINA355ML*24CH (Box of 24)', 'beverages', 5917, 0, 'ORIA62008', '🥤', NULL, '[]', 0, 1, strftime('%s','now')*1000, 'Chai', 'ORIA62008') ON CONFLICT(id) DO UPDATE SET name=excluded.name, category_id=excluded.category_id, price=excluded.price, barcode=excluded.barcode, image=excluded.image, is_active=1, updated_at=excluded.updated_at, unit=excluded.unit, sku_code=excluded.sku_code;
INSERT INTO products (id, name, category_id, price, cost_price, barcode, image, description, component_ids, min_stock, is_active, updated_at, unit, sku_code) VALUES ('ORIA62009', 'BIA TIGER CRYSTAL 330ML*24LON (Box of 24)', 'beverages', 25000, 0, 'ORIA62009', '🍺', NULL, '[]', 0, 1, strftime('%s','now')*1000, 'Lon', 'ORIA62009') ON CONFLICT(id) DO UPDATE SET name=excluded.name, category_id=excluded.category_id, price=excluded.price, barcode=excluded.barcode, image=excluded.image, is_active=1, updated_at=excluded.updated_at, unit=excluded.unit, sku_code=excluded.sku_code;
INSERT INTO products (id, name, category_id, price, cost_price, barcode, image, description, component_ids, min_stock, is_active, updated_at, unit, sku_code) VALUES ('ORIA62010', 'BIA HEINEKEN SILVER 330ML*24CA (Box of 24)', 'beverages', 27000, 0, 'ORIA62010', '🍺', NULL, '[]', 0, 1, strftime('%s','now')*1000, 'Lon', 'ORIA62010') ON CONFLICT(id) DO UPDATE SET name=excluded.name, category_id=excluded.category_id, price=excluded.price, barcode=excluded.barcode, image=excluded.image, is_active=1, updated_at=excluded.updated_at, unit=excluded.unit, sku_code=excluded.sku_code;
INSERT INTO products (id, name, category_id, price, cost_price, barcode, image, description, component_ids, min_stock, is_active, updated_at, unit, sku_code) VALUES ('ORIA62011', 'MILO UHT 115/110ML*4HOP (Pack of 4)', 'beverages', 8000, 0, 'ORIA62011', '🥛', NULL, '[]', 0, 1, strftime('%s','now')*1000, 'Hộp', 'ORIA62011') ON CONFLICT(id) DO UPDATE SET name=excluded.name, category_id=excluded.category_id, price=excluded.price, barcode=excluded.barcode, image=excluded.image, is_active=1, updated_at=excluded.updated_at, unit=excluded.unit, sku_code=excluded.sku_code;
INSERT INTO products (id, name, category_id, price, cost_price, barcode, image, description, component_ids, min_stock, is_active, updated_at, unit, sku_code) VALUES ('ORIA62012', 'MILO UHT IT DUONG 115/110ML*4H (Pack of 4)', 'beverages', 8000, 0, 'ORIA62012', '🥛', NULL, '[]', 0, 1, strftime('%s','now')*1000, 'Hộp', 'ORIA62012') ON CONFLICT(id) DO UPDATE SET name=excluded.name, category_id=excluded.category_id, price=excluded.price, barcode=excluded.barcode, image=excluded.image, is_active=1, updated_at=excluded.updated_at, unit=excluded.unit, sku_code=excluded.sku_code;
INSERT INTO products (id, name, category_id, price, cost_price, barcode, image, description, component_ids, min_stock, is_active, updated_at, unit, sku_code) VALUES ('ORIA62013', 'MILO UHT IT DUONG 180ML*4 (Pack of 4)', 'beverages', 12000, 0, 'ORIA62013', '🥛', NULL, '[]', 0, 1, strftime('%s','now')*1000, 'Hộp', 'ORIA62013') ON CONFLICT(id) DO UPDATE SET name=excluded.name, category_id=excluded.category_id, price=excluded.price, barcode=excluded.barcode, image=excluded.image, is_active=1, updated_at=excluded.updated_at, unit=excluded.unit, sku_code=excluded.sku_code;
INSERT INTO products (id, name, category_id, price, cost_price, barcode, image, description, component_ids, min_stock, is_active, updated_at, unit, sku_code) VALUES ('ORIA62014', 'MILO UHT 180ML*8HOP (Pack of 8)', 'beverages', 12000, 0, 'ORIA62014', '🥛', NULL, '[]', 0, 1, strftime('%s','now')*1000, 'Hộp', 'ORIA62014') ON CONFLICT(id) DO UPDATE SET name=excluded.name, category_id=excluded.category_id, price=excluded.price, barcode=excluded.barcode, image=excluded.image, is_active=1, updated_at=excluded.updated_at, unit=excluded.unit, sku_code=excluded.sku_code;
INSERT INTO products (id, name, category_id, price, cost_price, barcode, image, description, component_ids, min_stock, is_active, updated_at, unit, sku_code) VALUES ('ORIA62015', 'CACAO MILO 3IN1 22G15GOI1B', 'beverages', 6000, 0, 'ORIA62015', '🥛', NULL, '[]', 0, 1, strftime('%s','now')*1000, 'Gói', 'ORIA62015') ON CONFLICT(id) DO UPDATE SET name=excluded.name, category_id=excluded.category_id, price=excluded.price, barcode=excluded.barcode, image=excluded.image, is_active=1, updated_at=excluded.updated_at, unit=excluded.unit, sku_code=excluded.sku_code;
INSERT INTO products (id, name, category_id, price, cost_price, barcode, image, description, component_ids, min_stock, is_active, updated_at, unit, sku_code) VALUES ('ORIA62016', 'NESCAFE 3IN1 NG.BAN 17/16G*46', 'beverages', 5000, 0, 'ORIA62016', '🥛', NULL, '[]', 0, 1, strftime('%s','now')*1000, 'Gói', 'ORIA62016') ON CONFLICT(id) DO UPDATE SET name=excluded.name, category_id=excluded.category_id, price=excluded.price, barcode=excluded.barcode, image=excluded.image, is_active=1, updated_at=excluded.updated_at, unit=excluded.unit, sku_code=excluded.sku_code;
INSERT INTO products (id, name, category_id, price, cost_price, barcode, image, description, component_ids, min_stock, is_active, updated_at, unit, sku_code) VALUES ('ORIA62017', 'BNC NESVITA 25G*14', 'beverages', 7000, 0, 'ORIA62017', '🥛', NULL, '[]', 0, 1, strftime('%s','now')*1000, 'Gói', 'ORIA62017') ON CONFLICT(id) DO UPDATE SET name=excluded.name, category_id=excluded.category_id, price=excluded.price, barcode=excluded.barcode, image=excluded.image, is_active=1, updated_at=excluded.updated_at, unit=excluded.unit, sku_code=excluded.sku_code;
INSERT INTO products (id, name, category_id, price, cost_price, barcode, image, description, component_ids, min_stock, is_active, updated_at, unit, sku_code) VALUES ('ORIA62018', 'NGU COC TRAI CAY CALBEE 450G', 'beverages', 251000, 0, 'ORIA62018', '🥛', NULL, '[]', 0, 1, strftime('%s','now')*1000, 'Túi', 'ORIA62018') ON CONFLICT(id) DO UPDATE SET name=excluded.name, category_id=excluded.category_id, price=excluded.price, barcode=excluded.barcode, image=excluded.image, is_active=1, updated_at=excluded.updated_at, unit=excluded.unit, sku_code=excluded.sku_code;
INSERT INTO products (id, name, category_id, price, cost_price, barcode, image, description, component_ids, min_stock, is_active, updated_at, unit, sku_code) VALUES ('ORIA62019', 'N.COC T.CAY CALBEE ITDUONG600G', 'beverages', 409000, 0, 'ORIA62019', '🥛', NULL, '[]', 0, 1, strftime('%s','now')*1000, 'Túi', 'ORIA62019') ON CONFLICT(id) DO UPDATE SET name=excluded.name, category_id=excluded.category_id, price=excluded.price, barcode=excluded.barcode, image=excluded.image, is_active=1, updated_at=excluded.updated_at, unit=excluded.unit, sku_code=excluded.sku_code;
INSERT INTO products (id, name, category_id, price, cost_price, barcode, image, description, component_ids, min_stock, is_active, updated_at, unit, sku_code) VALUES ('ORIA63002', 'TUONG OT CHINSU 250G*1(NAM)', 'pantry', 23000, 0, 'ORIA63002', '🥫', NULL, '[]', 0, 1, strftime('%s','now')*1000, 'Chai', 'ORIA63002') ON CONFLICT(id) DO UPDATE SET name=excluded.name, category_id=excluded.category_id, price=excluded.price, barcode=excluded.barcode, image=excluded.image, is_active=1, updated_at=excluded.updated_at, unit=excluded.unit, sku_code=excluded.sku_code;
INSERT INTO products (id, name, category_id, price, cost_price, barcode, image, description, component_ids, min_stock, is_active, updated_at, unit, sku_code) VALUES ('ORIA63003', 'N.TUONG DAM DAC MAGGI 300ML', 'pantry', 22000, 0, 'ORIA63003', '🥫', NULL, '[]', 0, 1, strftime('%s','now')*1000, 'Chai', 'ORIA63003') ON CONFLICT(id) DO UPDATE SET name=excluded.name, category_id=excluded.category_id, price=excluded.price, barcode=excluded.barcode, image=excluded.image, is_active=1, updated_at=excluded.updated_at, unit=excluded.unit, sku_code=excluded.sku_code;
INSERT INTO products (id, name, category_id, price, cost_price, barcode, image, description, component_ids, min_stock, is_active, updated_at, unit, sku_code) VALUES ('ORIA63004', 'SDCD ONG THO DO TUYP 165G', 'pantry', 29000, 0, 'ORIA63004', '🛒', NULL, '[]', 0, 1, strftime('%s','now')*1000, 'Tuýp', 'ORIA63004') ON CONFLICT(id) DO UPDATE SET name=excluded.name, category_id=excluded.category_id, price=excluded.price, barcode=excluded.barcode, image=excluded.image, is_active=1, updated_at=excluded.updated_at, unit=excluded.unit, sku_code=excluded.sku_code;
INSERT INTO products (id, name, category_id, price, cost_price, barcode, image, description, component_ids, min_stock, is_active, updated_at, unit, sku_code) VALUES ('ORIA63005', 'SUA DAC ONG THO DO HG 380G', 'pantry', 37000, 0, 'ORIA63005', '🛒', NULL, '[]', 0, 1, strftime('%s','now')*1000, 'Hộp', 'ORIA63005') ON CONFLICT(id) DO UPDATE SET name=excluded.name, category_id=excluded.category_id, price=excluded.price, barcode=excluded.barcode, image=excluded.image, is_active=1, updated_at=excluded.updated_at, unit=excluded.unit, sku_code=excluded.sku_code;
INSERT INTO products (id, name, category_id, price, cost_price, barcode, image, description, component_ids, min_stock, is_active, updated_at, unit, sku_code) VALUES ('ORIA63006', 'S.DAC VI NHUA ONG-THO DO40G*12', 'pantry', 8000, 0, 'ORIA63006', '🛒', NULL, '[]', 0, 1, strftime('%s','now')*1000, 'Hộp', 'ORIA63006') ON CONFLICT(id) DO UPDATE SET name=excluded.name, category_id=excluded.category_id, price=excluded.price, barcode=excluded.barcode, image=excluded.image, is_active=1, updated_at=excluded.updated_at, unit=excluded.unit, sku_code=excluded.sku_code;
INSERT INTO products (id, name, category_id, price, cost_price, barcode, image, description, component_ids, min_stock, is_active, updated_at, unit, sku_code) VALUES ('ORIA63007', 'XOT MAYONNAISE AJI NGOTDIU260G', 'pantry', 49000, 0, 'ORIA63007', '🥫', NULL, '[]', 0, 1, strftime('%s','now')*1000, 'Chai', 'ORIA63007') ON CONFLICT(id) DO UPDATE SET name=excluded.name, category_id=excluded.category_id, price=excluded.price, barcode=excluded.barcode, image=excluded.image, is_active=1, updated_at=excluded.updated_at, unit=excluded.unit, sku_code=excluded.sku_code;
INSERT INTO products (id, name, category_id, price, cost_price, barcode, image, description, component_ids, min_stock, is_active, updated_at, unit, sku_code) VALUES ('ORIA63008', 'XOT MERANG KEWPIE 210ML*2', 'pantry', 73000, 0, 'ORIA63008', '🥫', NULL, '[]', 0, 1, strftime('%s','now')*1000, 'Chai', 'ORIA63008') ON CONFLICT(id) DO UPDATE SET name=excluded.name, category_id=excluded.category_id, price=excluded.price, barcode=excluded.barcode, image=excluded.image, is_active=1, updated_at=excluded.updated_at, unit=excluded.unit, sku_code=excluded.sku_code;
INSERT INTO products (id, name, category_id, price, cost_price, barcode, image, description, component_ids, min_stock, is_active, updated_at, unit, sku_code) VALUES ('ORIA63009', 'N.MAM THANH QUOC40N60ML*6-OCOP', 'pantry', 23000, 0, 'ORIA63009', '🥫', NULL, '[]', 0, 1, strftime('%s','now')*1000, 'Chai', 'ORIA63009') ON CONFLICT(id) DO UPDATE SET name=excluded.name, category_id=excluded.category_id, price=excluded.price, barcode=excluded.barcode, image=excluded.image, is_active=1, updated_at=excluded.updated_at, unit=excluded.unit, sku_code=excluded.sku_code;
INSERT INTO products (id, name, category_id, price, cost_price, barcode, image, description, component_ids, min_stock, is_active, updated_at, unit, sku_code) VALUES ('ORIA63010', 'CA MOI/TRICH/NUC 3 COGAI 155G*10', 'pantry', 25000, 0, 'ORIA63010', '🛒', NULL, '[]', 0, 1, strftime('%s','now')*1000, 'Lon', 'ORIA63010') ON CONFLICT(id) DO UPDATE SET name=excluded.name, category_id=excluded.category_id, price=excluded.price, barcode=excluded.barcode, image=excluded.image, is_active=1, updated_at=excluded.updated_at, unit=excluded.unit, sku_code=excluded.sku_code;
INSERT INTO products (id, name, category_id, price, cost_price, barcode, image, description, component_ids, min_stock, is_active, updated_at, unit, sku_code) VALUES ('ORIA63011', 'BO THUC VAT MEIZAN 80G*5', 'pantry', 14000, 0, 'ORIA63011', '🥫', NULL, '[]', 0, 1, strftime('%s','now')*1000, 'Hộp', 'ORIA63011') ON CONFLICT(id) DO UPDATE SET name=excluded.name, category_id=excluded.category_id, price=excluded.price, barcode=excluded.barcode, image=excluded.image, is_active=1, updated_at=excluded.updated_at, unit=excluded.unit, sku_code=excluded.sku_code;
INSERT INTO products (id, name, category_id, price, cost_price, barcode, image, description, component_ids, min_stock, is_active, updated_at, unit, sku_code) VALUES ('ORIA63012', 'DAU NANH SIMPLY 1L', 'pantry', 88000, 0, 'ORIA63012', '🥫', NULL, '[]', 0, 1, strftime('%s','now')*1000, 'Chai', 'ORIA63012') ON CONFLICT(id) DO UPDATE SET name=excluded.name, category_id=excluded.category_id, price=excluded.price, barcode=excluded.barcode, image=excluded.image, is_active=1, updated_at=excluded.updated_at, unit=excluded.unit, sku_code=excluded.sku_code;
INSERT INTO products (id, name, category_id, price, cost_price, barcode, image, description, component_ids, min_stock, is_active, updated_at, unit, sku_code) VALUES ('ORIA63013', 'HATNEM CHAY NAMHUONG KNORR170G', 'pantry', 25000, 0, 'ORIA63013', '🛒', NULL, '[]', 0, 1, strftime('%s','now')*1000, 'Gói', 'ORIA63013') ON CONFLICT(id) DO UPDATE SET name=excluded.name, category_id=excluded.category_id, price=excluded.price, barcode=excluded.barcode, image=excluded.image, is_active=1, updated_at=excluded.updated_at, unit=excluded.unit, sku_code=excluded.sku_code;
INSERT INTO products (id, name, category_id, price, cost_price, barcode, image, description, component_ids, min_stock, is_active, updated_at, unit, sku_code) VALUES ('ORIA63014', 'BOT GAO TAI KY 400GR', 'pantry', 25000, 0, 'ORIA63014', '🥫', NULL, '[]', 0, 1, strftime('%s','now')*1000, 'Gói', 'ORIA63014') ON CONFLICT(id) DO UPDATE SET name=excluded.name, category_id=excluded.category_id, price=excluded.price, barcode=excluded.barcode, image=excluded.image, is_active=1, updated_at=excluded.updated_at, unit=excluded.unit, sku_code=excluded.sku_code;
INSERT INTO products (id, name, category_id, price, cost_price, barcode, image, description, component_ids, min_stock, is_active, updated_at, unit, sku_code) VALUES ('ORIA63015', 'BOT NEP TAI KY 400GR', 'pantry', 30000, 0, 'ORIA63015', '🥫', NULL, '[]', 0, 1, strftime('%s','now')*1000, 'Gói', 'ORIA63015') ON CONFLICT(id) DO UPDATE SET name=excluded.name, category_id=excluded.category_id, price=excluded.price, barcode=excluded.barcode, image=excluded.image, is_active=1, updated_at=excluded.updated_at, unit=excluded.unit, sku_code=excluded.sku_code;
INSERT INTO products (id, name, category_id, price, cost_price, barcode, image, description, component_ids, min_stock, is_active, updated_at, unit, sku_code) VALUES ('ORIA63016', 'BOT KHOAI TRANG DDTHUAN 200G', 'pantry', 21000, 0, 'ORIA63016', '🥫', NULL, '[]', 0, 1, strftime('%s','now')*1000, 'Gói', 'ORIA63016') ON CONFLICT(id) DO UPDATE SET name=excluded.name, category_id=excluded.category_id, price=excluded.price, barcode=excluded.barcode, image=excluded.image, is_active=1, updated_at=excluded.updated_at, unit=excluded.unit, sku_code=excluded.sku_code;
INSERT INTO products (id, name, category_id, price, cost_price, barcode, image, description, component_ids, min_stock, is_active, updated_at, unit, sku_code) VALUES ('ORIA63017', 'BOT DAU XANH HAT SEN MM 35G', 'pantry', 5000, 0, 'ORIA63017', '🥫', NULL, '[]', 0, 1, strftime('%s','now')*1000, 'Gói', 'ORIA63017') ON CONFLICT(id) DO UPDATE SET name=excluded.name, category_id=excluded.category_id, price=excluded.price, barcode=excluded.barcode, image=excluded.image, is_active=1, updated_at=excluded.updated_at, unit=excluded.unit, sku_code=excluded.sku_code;
INSERT INTO products (id, name, category_id, price, cost_price, barcode, image, description, component_ids, min_stock, is_active, updated_at, unit, sku_code) VALUES ('ORIA63018', 'PHO TAI DDTHUAN 100G', 'pantry', 41000, 0, 'ORIA63018', '🍜', NULL, '[]', 0, 1, strftime('%s','now')*1000, 'Gói', 'ORIA63018') ON CONFLICT(id) DO UPDATE SET name=excluded.name, category_id=excluded.category_id, price=excluded.price, barcode=excluded.barcode, image=excluded.image, is_active=1, updated_at=excluded.updated_at, unit=excluded.unit, sku_code=excluded.sku_code;
INSERT INTO products (id, name, category_id, price, cost_price, barcode, image, description, component_ids, min_stock, is_active, updated_at, unit, sku_code) VALUES ('ORIA63019', 'TAO KHO DD.THUAN 100 GR', 'pantry', 25000, 0, 'ORIA63019', '🥫', NULL, '[]', 0, 1, strftime('%s','now')*1000, 'Gói', 'ORIA63019') ON CONFLICT(id) DO UPDATE SET name=excluded.name, category_id=excluded.category_id, price=excluded.price, barcode=excluded.barcode, image=excluded.image, is_active=1, updated_at=excluded.updated_at, unit=excluded.unit, sku_code=excluded.sku_code;
INSERT INTO products (id, name, category_id, price, cost_price, barcode, image, description, component_ids, min_stock, is_active, updated_at, unit, sku_code) VALUES ('ORIA63020', 'HAT E DDTHUAN 100G', 'pantry', 31000, 0, 'ORIA63020', '🥫', NULL, '[]', 0, 1, strftime('%s','now')*1000, 'Gói', 'ORIA63020') ON CONFLICT(id) DO UPDATE SET name=excluded.name, category_id=excluded.category_id, price=excluded.price, barcode=excluded.barcode, image=excluded.image, is_active=1, updated_at=excluded.updated_at, unit=excluded.unit, sku_code=excluded.sku_code;
INSERT INTO products (id, name, category_id, price, cost_price, barcode, image, description, component_ids, min_stock, is_active, updated_at, unit, sku_code) VALUES ('ORIA63021', 'HAT TIEU DEN EZ LIFE 40G', 'pantry', 19000, 0, 'ORIA63021', '🥫', NULL, '[]', 0, 1, strftime('%s','now')*1000, 'Gói', 'ORIA63021') ON CONFLICT(id) DO UPDATE SET name=excluded.name, category_id=excluded.category_id, price=excluded.price, barcode=excluded.barcode, image=excluded.image, is_active=1, updated_at=excluded.updated_at, unit=excluded.unit, sku_code=excluded.sku_code;
INSERT INTO products (id, name, category_id, price, cost_price, barcode, image, description, component_ids, min_stock, is_active, updated_at, unit, sku_code) VALUES ('ORIA63022', 'DAU XANH CA MM 1KG', 'pantry', 80000, 0, 'ORIA63022', '🥫', NULL, '[]', 0, 1, strftime('%s','now')*1000, 'Gói', 'ORIA63022') ON CONFLICT(id) DO UPDATE SET name=excluded.name, category_id=excluded.category_id, price=excluded.price, barcode=excluded.barcode, image=excluded.image, is_active=1, updated_at=excluded.updated_at, unit=excluded.unit, sku_code=excluded.sku_code;
INSERT INTO products (id, name, category_id, price, cost_price, barcode, image, description, component_ids, min_stock, is_active, updated_at, unit, sku_code) VALUES ('ORIA63023', 'D.PHEN HAT N.CHAT DANG THU 1KG', 'pantry', 80000, 0, 'ORIA63023', '🥫', NULL, '[]', 0, 1, strftime('%s','now')*1000, 'Gói', 'ORIA63023') ON CONFLICT(id) DO UPDATE SET name=excluded.name, category_id=excluded.category_id, price=excluded.price, barcode=excluded.barcode, image=excluded.image, is_active=1, updated_at=excluded.updated_at, unit=excluded.unit, sku_code=excluded.sku_code;
INSERT INTO products (id, name, category_id, price, cost_price, barcode, image, description, component_ids, min_stock, is_active, updated_at, unit, sku_code) VALUES ('ORIA63024', 'MUOI HONG HAT TO EZ LIFE CANKG (per kg)', 'pantry', 45000, 0, 'ORIA63024', '🥫', NULL, '[]', 0, 1, strftime('%s','now')*1000, 'Gói', 'ORIA63024') ON CONFLICT(id) DO UPDATE SET name=excluded.name, category_id=excluded.category_id, price=excluded.price, barcode=excluded.barcode, image=excluded.image, is_active=1, updated_at=excluded.updated_at, unit=excluded.unit, sku_code=excluded.sku_code;
INSERT INTO products (id, name, category_id, price, cost_price, barcode, image, description, component_ids, min_stock, is_active, updated_at, unit, sku_code) VALUES ('ORIA63025', 'MUOI HONG MIN EZ LIFE CAN KG (per kg)', 'pantry', 45000, 0, 'ORIA63025', '🥫', NULL, '[]', 0, 1, strftime('%s','now')*1000, 'Gói', 'ORIA63025') ON CONFLICT(id) DO UPDATE SET name=excluded.name, category_id=excluded.category_id, price=excluded.price, barcode=excluded.barcode, image=excluded.image, is_active=1, updated_at=excluded.updated_at, unit=excluded.unit, sku_code=excluded.sku_code;
INSERT INTO products (id, name, category_id, price, cost_price, barcode, image, description, component_ids, min_stock, is_active, updated_at, unit, sku_code) VALUES ('ORIA63026', 'DAU DEN X.LONG EZ LIFE CAN KG (per kg)', 'pantry', 130000, 0, 'ORIA63026', '🥫', NULL, '[]', 0, 1, strftime('%s','now')*1000, 'Gói', 'ORIA63026') ON CONFLICT(id) DO UPDATE SET name=excluded.name, category_id=excluded.category_id, price=excluded.price, barcode=excluded.barcode, image=excluded.image, is_active=1, updated_at=excluded.updated_at, unit=excluded.unit, sku_code=excluded.sku_code;
INSERT INTO products (id, name, category_id, price, cost_price, barcode, image, description, component_ids, min_stock, is_active, updated_at, unit, sku_code) VALUES ('ORIA63027', 'DAU DO MAT CUA EZ LIFE CAN KG (per kg)', 'pantry', 130000, 0, 'ORIA63027', '🥫', NULL, '[]', 0, 1, strftime('%s','now')*1000, 'Gói', 'ORIA63027') ON CONFLICT(id) DO UPDATE SET name=excluded.name, category_id=excluded.category_id, price=excluded.price, barcode=excluded.barcode, image=excluded.image, is_active=1, updated_at=excluded.updated_at, unit=excluded.unit, sku_code=excluded.sku_code;
INSERT INTO products (id, name, category_id, price, cost_price, barcode, image, description, component_ids, min_stock, is_active, updated_at, unit, sku_code) VALUES ('ORIA63028', 'HAT HUONG DUONG HB-XA (per kg)', 'pantry', 200000, 0, 'ORIA63028', '🥫', NULL, '[]', 0, 1, strftime('%s','now')*1000, 'Gói', 'ORIA63028') ON CONFLICT(id) DO UPDATE SET name=excluded.name, category_id=excluded.category_id, price=excluded.price, barcode=excluded.barcode, image=excluded.image, is_active=1, updated_at=excluded.updated_at, unit=excluded.unit, sku_code=excluded.sku_code;
INSERT INTO products (id, name, category_id, price, cost_price, barcode, image, description, component_ids, min_stock, is_active, updated_at, unit, sku_code) VALUES ('ORIA63029', 'HAT BI HB-XA (per kg)', 'pantry', 250000, 0, 'ORIA63029', '🥫', NULL, '[]', 0, 1, strftime('%s','now')*1000, 'Gói', 'ORIA63029') ON CONFLICT(id) DO UPDATE SET name=excluded.name, category_id=excluded.category_id, price=excluded.price, barcode=excluded.barcode, image=excluded.image, is_active=1, updated_at=excluded.updated_at, unit=excluded.unit, sku_code=excluded.sku_code;
INSERT INTO products (id, name, category_id, price, cost_price, barcode, image, description, component_ids, min_stock, is_active, updated_at, unit, sku_code) VALUES ('ORIA63030', 'DUONG VANG GOLD MINERAL BH 1KG', 'pantry', 45000, 0, 'ORIA63030', '🥫', NULL, '[]', 0, 1, strftime('%s','now')*1000, 'Gói', 'ORIA63030') ON CONFLICT(id) DO UPDATE SET name=excluded.name, category_id=excluded.category_id, price=excluded.price, barcode=excluded.barcode, image=excluded.image, is_active=1, updated_at=excluded.updated_at, unit=excluded.unit, sku_code=excluded.sku_code;
INSERT INTO products (id, name, category_id, price, cost_price, barcode, image, description, component_ids, min_stock, is_active, updated_at, unit, sku_code) VALUES ('ORIA63031', 'DA ME TAN LOC 900G', 'pantry', 110000, 0, 'ORIA63031', '🥫', NULL, '[]', 0, 1, strftime('%s','now')*1000, 'Lon', 'ORIA63031') ON CONFLICT(id) DO UPDATE SET name=excluded.name, category_id=excluded.category_id, price=excluded.price, barcode=excluded.barcode, image=excluded.image, is_active=1, updated_at=excluded.updated_at, unit=excluded.unit, sku_code=excluded.sku_code;
INSERT INTO products (id, name, category_id, price, cost_price, barcode, image, description, component_ids, min_stock, is_active, updated_at, unit, sku_code) VALUES ('ORIA63032', 'VẢI THIEU FOODCLUB LON 565G', 'pantry', 50000, 0, 'ORIA63032', '🛒', NULL, '[]', 0, 1, strftime('%s','now')*1000, 'Lon', 'ORIA63032') ON CONFLICT(id) DO UPDATE SET name=excluded.name, category_id=excluded.category_id, price=excluded.price, barcode=excluded.barcode, image=excluded.image, is_active=1, updated_at=excluded.updated_at, unit=excluded.unit, sku_code=excluded.sku_code;
INSERT INTO products (id, name, category_id, price, cost_price, barcode, image, description, component_ids, min_stock, is_active, updated_at, unit, sku_code) VALUES ('ORIA64002', 'TAM CHI KR ORALCLEAN DENTALUSH', 'personal-care', 45000, 0, 'ORIA64002', '🧴', NULL, '[]', 0, 1, strftime('%s','now')*1000, 'Gói', 'ORIA64002') ON CONFLICT(id) DO UPDATE SET name=excluded.name, category_id=excluded.category_id, price=excluded.price, barcode=excluded.barcode, image=excluded.image, is_active=1, updated_at=excluded.updated_at, unit=excluded.unit, sku_code=excluded.sku_code;
INSERT INTO products (id, name, category_id, price, cost_price, barcode, image, description, component_ids, min_stock, is_active, updated_at, unit, sku_code) VALUES ('ORIA64003', 'BAN CHAI DANH RANG HPR VI 12', 'personal-care', 12000, 0, 'ORIA64003', '🧴', NULL, '[]', 0, 1, strftime('%s','now')*1000, 'Cái', 'ORIA64003') ON CONFLICT(id) DO UPDATE SET name=excluded.name, category_id=excluded.category_id, price=excluded.price, barcode=excluded.barcode, image=excluded.image, is_active=1, updated_at=excluded.updated_at, unit=excluded.unit, sku_code=excluded.sku_code;
INSERT INTO products (id, name, category_id, price, cost_price, barcode, image, description, component_ids, min_stock, is_active, updated_at, unit, sku_code) VALUES ('ORIA64004', 'BCDR TRE EM JORDAN STEP 1', 'personal-care', 45000, 0, 'ORIA64004', '🧴', NULL, '[]', 0, 1, strftime('%s','now')*1000, 'Cái', 'ORIA64004') ON CONFLICT(id) DO UPDATE SET name=excluded.name, category_id=excluded.category_id, price=excluded.price, barcode=excluded.barcode, image=excluded.image, is_active=1, updated_at=excluded.updated_at, unit=excluded.unit, sku_code=excluded.sku_code;
INSERT INTO products (id, name, category_id, price, cost_price, barcode, image, description, component_ids, min_stock, is_active, updated_at, unit, sku_code) VALUES ('ORIA64005', 'BCDR TRE EM JORDAN STEP 2', 'personal-care', 50000, 0, 'ORIA64005', '🧴', NULL, '[]', 0, 1, strftime('%s','now')*1000, 'Cái', 'ORIA64005') ON CONFLICT(id) DO UPDATE SET name=excluded.name, category_id=excluded.category_id, price=excluded.price, barcode=excluded.barcode, image=excluded.image, is_active=1, updated_at=excluded.updated_at, unit=excluded.unit, sku_code=excluded.sku_code;
INSERT INTO products (id, name, category_id, price, cost_price, barcode, image, description, component_ids, min_stock, is_active, updated_at, unit, sku_code) VALUES ('ORIA64006', 'BCDR TRE EM JORDAN STEP 3', 'personal-care', 45000, 0, 'ORIA64006', '🧴', NULL, '[]', 0, 1, strftime('%s','now')*1000, 'Cái', 'ORIA64006') ON CONFLICT(id) DO UPDATE SET name=excluded.name, category_id=excluded.category_id, price=excluded.price, barcode=excluded.barcode, image=excluded.image, is_active=1, updated_at=excluded.updated_at, unit=excluded.unit, sku_code=excluded.sku_code;
INSERT INTO products (id, name, category_id, price, cost_price, barcode, image, description, component_ids, min_stock, is_active, updated_at, unit, sku_code) VALUES ('ORIA64007', 'BCDR SENSODYNE REPAIR& PROTECT 1C', 'personal-care', 55000, 0, 'ORIA64007', '🧴', NULL, '[]', 0, 1, strftime('%s','now')*1000, 'Tuýp', 'ORIA64007') ON CONFLICT(id) DO UPDATE SET name=excluded.name, category_id=excluded.category_id, price=excluded.price, barcode=excluded.barcode, image=excluded.image, is_active=1, updated_at=excluded.updated_at, unit=excluded.unit, sku_code=excluded.sku_code;
INSERT INTO products (id, name, category_id, price, cost_price, barcode, image, description, component_ids, min_stock, is_active, updated_at, unit, sku_code) VALUES ('ORIA64008', 'KDR P/S TRE EM 2-6T H. CAM 45G', 'personal-care', 25000, 0, 'ORIA64008', '🧴', NULL, '[]', 0, 1, strftime('%s','now')*1000, 'Tuýp', 'ORIA64008') ON CONFLICT(id) DO UPDATE SET name=excluded.name, category_id=excluded.category_id, price=excluded.price, barcode=excluded.barcode, image=excluded.image, is_active=1, updated_at=excluded.updated_at, unit=excluded.unit, sku_code=excluded.sku_code;
INSERT INTO products (id, name, category_id, price, cost_price, barcode, image, description, component_ids, min_stock, is_active, updated_at, unit, sku_code) VALUES ('ORIA64009', 'KDR P/S TRE EM 2-6T H.DAU 45G', 'personal-care', 26000, 0, 'ORIA64009', '🥫', NULL, '[]', 0, 1, strftime('%s','now')*1000, 'Tuýp', 'ORIA64009') ON CONFLICT(id) DO UPDATE SET name=excluded.name, category_id=excluded.category_id, price=excluded.price, barcode=excluded.barcode, image=excluded.image, is_active=1, updated_at=excluded.updated_at, unit=excluded.unit, sku_code=excluded.sku_code;
INSERT INTO products (id, name, category_id, price, cost_price, barcode, image, description, component_ids, min_stock, is_active, updated_at, unit, sku_code) VALUES ('ORIA64010', 'KDR KODOMO TRE EM CAM 45G', 'personal-care', 27500, 0, 'ORIA64010', '🧴', NULL, '[]', 0, 1, strftime('%s','now')*1000, 'Tuýp', 'ORIA64010') ON CONFLICT(id) DO UPDATE SET name=excluded.name, category_id=excluded.category_id, price=excluded.price, barcode=excluded.barcode, image=excluded.image, is_active=1, updated_at=excluded.updated_at, unit=excluded.unit, sku_code=excluded.sku_code;
INSERT INTO products (id, name, category_id, price, cost_price, barcode, image, description, component_ids, min_stock, is_active, updated_at, unit, sku_code) VALUES ('ORIA64011', 'KDR COL MF H. DUA HAU 100G', 'personal-care', 53000, 0, 'ORIA64011', '🧴', NULL, '[]', 0, 1, strftime('%s','now')*1000, 'Tuýp', 'ORIA64011') ON CONFLICT(id) DO UPDATE SET name=excluded.name, category_id=excluded.category_id, price=excluded.price, barcode=excluded.barcode, image=excluded.image, is_active=1, updated_at=excluded.updated_at, unit=excluded.unit, sku_code=excluded.sku_code;
INSERT INTO products (id, name, category_id, price, cost_price, barcode, image, description, component_ids, min_stock, is_active, updated_at, unit, sku_code) VALUES ('ORIA64012', 'KDR CLOSEUP WN MNING KISS 100G', 'personal-care', 69000, 0, 'ORIA64012', '🧴', NULL, '[]', 0, 1, strftime('%s','now')*1000, 'Tuýp', 'ORIA64012') ON CONFLICT(id) DO UPDATE SET name=excluded.name, category_id=excluded.category_id, price=excluded.price, barcode=excluded.barcode, image=excluded.image, is_active=1, updated_at=excluded.updated_at, unit=excluded.unit, sku_code=excluded.sku_code;
INSERT INTO products (id, name, category_id, price, cost_price, barcode, image, description, component_ids, min_stock, is_active, updated_at, unit, sku_code) VALUES ('ORIA64013', 'KDR CLOSEUP WN BEAU. GLOW 100G', 'personal-care', 69000, 0, 'ORIA64013', '🧴', NULL, '[]', 0, 1, strftime('%s','now')*1000, 'Tuýp', 'ORIA64013') ON CONFLICT(id) DO UPDATE SET name=excluded.name, category_id=excluded.category_id, price=excluded.price, barcode=excluded.barcode, image=excluded.image, is_active=1, updated_at=excluded.updated_at, unit=excluded.unit, sku_code=excluded.sku_code;
INSERT INTO products (id, name, category_id, price, cost_price, barcode, image, description, component_ids, min_stock, is_active, updated_at, unit, sku_code) VALUES ('ORIA64014', 'KDR COLGATE TRANGSANG 100G', 'personal-care', 65000, 0, 'ORIA64014', '🧴', NULL, '[]', 0, 1, strftime('%s','now')*1000, 'Tuýp', 'ORIA64014') ON CONFLICT(id) DO UPDATE SET name=excluded.name, category_id=excluded.category_id, price=excluded.price, barcode=excluded.barcode, image=excluded.image, is_active=1, updated_at=excluded.updated_at, unit=excluded.unit, sku_code=excluded.sku_code;
INSERT INTO products (id, name, category_id, price, cost_price, barcode, image, description, component_ids, min_stock, is_active, updated_at, unit, sku_code) VALUES ('ORIA64015', 'NSM LISTERINE COOL MINT 100ML', 'personal-care', 39000, 0, 'ORIA64015', '🧴', NULL, '[]', 0, 1, strftime('%s','now')*1000, 'Chai', 'ORIA64015') ON CONFLICT(id) DO UPDATE SET name=excluded.name, category_id=excluded.category_id, price=excluded.price, barcode=excluded.barcode, image=excluded.image, is_active=1, updated_at=excluded.updated_at, unit=excluded.unit, sku_code=excluded.sku_code;
INSERT INTO products (id, name, category_id, price, cost_price, barcode, image, description, component_ids, min_stock, is_active, updated_at, unit, sku_code) VALUES ('ORIA64016', 'DCR DORCO RAPID2 TNB200YL4S 1L', 'personal-care', 32000, 0, 'ORIA64016', '🧴', NULL, '[]', 0, 1, strftime('%s','now')*1000, 'Gói', 'ORIA64016') ON CONFLICT(id) DO UPDATE SET name=excluded.name, category_id=excluded.category_id, price=excluded.price, barcode=excluded.barcode, image=excluded.image, is_active=1, updated_at=excluded.updated_at, unit=excluded.unit, sku_code=excluded.sku_code;
INSERT INTO products (id, name, category_id, price, cost_price, barcode, image, description, component_ids, min_stock, is_active, updated_at, unit, sku_code) VALUES ('ORIA64017', 'KEM CAO RAU GILLETTE LIME 50G', 'personal-care', 75000, 0, 'ORIA64017', '🧴', NULL, '[]', 0, 1, strftime('%s','now')*1000, 'Tuýp', 'ORIA64017') ON CONFLICT(id) DO UPDATE SET name=excluded.name, category_id=excluded.category_id, price=excluded.price, barcode=excluded.barcode, image=excluded.image, is_active=1, updated_at=excluded.updated_at, unit=excluded.unit, sku_code=excluded.sku_code;
INSERT INTO products (id, name, category_id, price, cost_price, barcode, image, description, component_ids, min_stock, is_active, updated_at, unit, sku_code) VALUES ('ORIA64018', 'BVS KOTEX DANG QUAN L/XL 2M', 'personal-care', 48000, 0, 'ORIA64018', '🧴', NULL, '[]', 0, 1, strftime('%s','now')*1000, 'Gói', 'ORIA64018') ON CONFLICT(id) DO UPDATE SET name=excluded.name, category_id=excluded.category_id, price=excluded.price, barcode=excluded.barcode, image=excluded.image, is_active=1, updated_at=excluded.updated_at, unit=excluded.unit, sku_code=excluded.sku_code;
INSERT INTO products (id, name, category_id, price, cost_price, barcode, image, description, component_ids, min_stock, is_active, updated_at, unit, sku_code) VALUES ('ORIA64019', 'BVS KOTEX QUAN HERBAL L/XL 2M', 'personal-care', 50000, 0, 'ORIA64019', '🧴', NULL, '[]', 0, 1, strftime('%s','now')*1000, 'Gói', 'ORIA64019') ON CONFLICT(id) DO UPDATE SET name=excluded.name, category_id=excluded.category_id, price=excluded.price, barcode=excluded.barcode, image=excluded.image, is_active=1, updated_at=excluded.updated_at, unit=excluded.unit, sku_code=excluded.sku_code;
INSERT INTO products (id, name, category_id, price, cost_price, barcode, image, description, component_ids, min_stock, is_active, updated_at, unit, sku_code) VALUES ('ORIA64020', 'BVS KOTEX QUAN COOL M/L 2M', 'personal-care', 65000, 0, 'ORIA64020', '🧴', NULL, '[]', 0, 1, strftime('%s','now')*1000, 'Gói', 'ORIA64020') ON CONFLICT(id) DO UPDATE SET name=excluded.name, category_id=excluded.category_id, price=excluded.price, barcode=excluded.barcode, image=excluded.image, is_active=1, updated_at=excluded.updated_at, unit=excluded.unit, sku_code=excluded.sku_code;
INSERT INTO products (id, name, category_id, price, cost_price, barcode, image, description, component_ids, min_stock, is_active, updated_at, unit, sku_code) VALUES ('ORIA64021', 'BUS LAURIER B.DEM 35CM 4M*4', 'personal-care', 35000, 0, 'ORIA64021', '🧴', NULL, '[]', 0, 1, strftime('%s','now')*1000, 'Gói', 'ORIA64021') ON CONFLICT(id) DO UPDATE SET name=excluded.name, category_id=excluded.category_id, price=excluded.price, barcode=excluded.barcode, image=excluded.image, is_active=1, updated_at=excluded.updated_at, unit=excluded.unit, sku_code=excluded.sku_code;
INSERT INTO products (id, name, category_id, price, cost_price, barcode, image, description, component_ids, min_stock, is_active, updated_at, unit, sku_code) VALUES ('ORIA64022', 'BUS LAURIER SMONG 22.5CM 10M*4', 'personal-care', 50000, 0, 'ORIA64022', '🧴', NULL, '[]', 0, 1, strftime('%s','now')*1000, 'Gói', 'ORIA64022') ON CONFLICT(id) DO UPDATE SET name=excluded.name, category_id=excluded.category_id, price=excluded.price, barcode=excluded.barcode, image=excluded.image, is_active=1, updated_at=excluded.updated_at, unit=excluded.unit, sku_code=excluded.sku_code;
INSERT INTO products (id, name, category_id, price, cost_price, barcode, image, description, component_ids, min_stock, is_active, updated_at, unit, sku_code) VALUES ('ORIA64023', 'BUS DIANA SENSI HNGAY KK 20M*6', 'personal-care', 25000, 0, 'ORIA64023', '🧴', NULL, '[]', 0, 1, strftime('%s','now')*1000, 'Gói', 'ORIA64023') ON CONFLICT(id) DO UPDATE SET name=excluded.name, category_id=excluded.category_id, price=excluded.price, barcode=excluded.barcode, image=excluded.image, is_active=1, updated_at=excluded.updated_at, unit=excluded.unit, sku_code=excluded.sku_code;
INSERT INTO products (id, name, category_id, price, cost_price, barcode, image, description, component_ids, min_stock, is_active, updated_at, unit, sku_code) VALUES ('ORIA64024', 'BVS SOFY SKIN C.ULTRA 26CM 17M', 'personal-care', 112000, 0, 'ORIA64024', '🧴', NULL, '[]', 0, 1, strftime('%s','now')*1000, 'Gói', 'ORIA64024') ON CONFLICT(id) DO UPDATE SET name=excluded.name, category_id=excluded.category_id, price=excluded.price, barcode=excluded.barcode, image=excluded.image, is_active=1, updated_at=excluded.updated_at, unit=excluded.unit, sku_code=excluded.sku_code;
INSERT INTO products (id, name, category_id, price, cost_price, barcode, image, description, component_ids, min_stock, is_active, updated_at, unit, sku_code) VALUES ('ORIA64025', 'K.TRANG MAYAN3D PM2.5 KIDS++*5', 'personal-care', 40000, 0, 'ORIA64025', '🧴', NULL, '[]', 0, 1, strftime('%s','now')*1000, 'Gói', 'ORIA64025') ON CONFLICT(id) DO UPDATE SET name=excluded.name, category_id=excluded.category_id, price=excluded.price, barcode=excluded.barcode, image=excluded.image, is_active=1, updated_at=excluded.updated_at, unit=excluded.unit, sku_code=excluded.sku_code;
INSERT INTO products (id, name, category_id, price, cost_price, barcode, image, description, component_ids, min_stock, is_active, updated_at, unit, sku_code) VALUES ('ORIA64026', 'TAM RAI TAI MM 200 CAY*2', 'personal-care', 17000, 0, 'ORIA64026', '🧴', NULL, '[]', 0, 1, strftime('%s','now')*1000, 'Gói', 'ORIA64026') ON CONFLICT(id) DO UPDATE SET name=excluded.name, category_id=excluded.category_id, price=excluded.price, barcode=excluded.barcode, image=excluded.image, is_active=1, updated_at=excluded.updated_at, unit=excluded.unit, sku_code=excluded.sku_code;
INSERT INTO products (id, name, category_id, price, cost_price, barcode, image, description, component_ids, min_stock, is_active, updated_at, unit, sku_code) VALUES ('ORIA64027', 'TAM RAY TAI MM TRE EM 160CAY*2', 'personal-care', 18000, 0, 'ORIA64027', '🧴', NULL, '[]', 0, 1, strftime('%s','now')*1000, 'Gói', 'ORIA64027') ON CONFLICT(id) DO UPDATE SET name=excluded.name, category_id=excluded.category_id, price=excluded.price, barcode=excluded.barcode, image=excluded.image, is_active=1, updated_at=excluded.updated_at, unit=excluded.unit, sku_code=excluded.sku_code;
INSERT INTO products (id, name, category_id, price, cost_price, barcode, image, description, component_ids, min_stock, is_active, updated_at, unit, sku_code) VALUES ('ORIA64028', 'DAY CHA LUNG BESICO YK06', 'personal-care', 36000, 0, 'ORIA64028', '🧴', NULL, '[]', 0, 1, strftime('%s','now')*1000, 'Cái', 'ORIA64028') ON CONFLICT(id) DO UPDATE SET name=excluded.name, category_id=excluded.category_id, price=excluded.price, barcode=excluded.barcode, image=excluded.image, is_active=1, updated_at=excluded.updated_at, unit=excluded.unit, sku_code=excluded.sku_code;
INSERT INTO products (id, name, category_id, price, cost_price, barcode, image, description, component_ids, min_stock, is_active, updated_at, unit, sku_code) VALUES ('ORIA64029', 'BANG DO VAI BESICO YK12', 'personal-care', 47000, 0, 'ORIA64029', '🧴', NULL, '[]', 0, 1, strftime('%s','now')*1000, 'Cái', 'ORIA64029') ON CONFLICT(id) DO UPDATE SET name=excluded.name, category_id=excluded.category_id, price=excluded.price, barcode=excluded.barcode, image=excluded.image, is_active=1, updated_at=excluded.updated_at, unit=excluded.unit, sku_code=excluded.sku_code;
INSERT INTO products (id, name, category_id, price, cost_price, barcode, image, description, component_ids, min_stock, is_active, updated_at, unit, sku_code) VALUES ('ORIA65002', 'BO OMO DO 800/770G', 'household', 55000, 0, 'ORIA65002', '🧹', NULL, '[]', 0, 1, strftime('%s','now')*1000, 'Gói', 'ORIA65002') ON CONFLICT(id) DO UPDATE SET name=excluded.name, category_id=excluded.category_id, price=excluded.price, barcode=excluded.barcode, image=excluded.image, is_active=1, updated_at=excluded.updated_at, unit=excluded.unit, sku_code=excluded.sku_code;
INSERT INTO products (id, name, category_id, price, cost_price, barcode, image, description, component_ids, min_stock, is_active, updated_at, unit, sku_code) VALUES ('ORIA65003', 'BQ PRO THAI SACH HIEUQUA 4.5KG', 'household', 170000, 0, 'ORIA65003', '🧹', NULL, '[]', 0, 1, strftime('%s','now')*1000, 'Gói', 'ORIA65003') ON CONFLICT(id) DO UPDATE SET name=excluded.name, category_id=excluded.category_id, price=excluded.price, barcode=excluded.barcode, image=excluded.image, is_active=1, updated_at=excluded.updated_at, unit=excluded.unit, sku_code=excluded.sku_code;
INSERT INTO products (id, name, category_id, price, cost_price, barcode, image, description, component_ids, min_stock, is_active, updated_at, unit, sku_code) VALUES ('ORIA65004', 'XBT VIM D.NANG SIEU MANH500ML', 'household', 53000, 0, 'ORIA65004', '🧹', NULL, '[]', 0, 1, strftime('%s','now')*1000, 'Chai', 'ORIA65004') ON CONFLICT(id) DO UPDATE SET name=excluded.name, category_id=excluded.category_id, price=excluded.price, barcode=excluded.barcode, image=excluded.image, is_active=1, updated_at=excluded.updated_at, unit=excluded.unit, sku_code=excluded.sku_code;
INSERT INTO products (id, name, category_id, price, cost_price, barcode, image, description, component_ids, min_stock, is_active, updated_at, unit, sku_code) VALUES ('ORIA65005', 'VIEN TREO BC VIM LAVENDER 55G', 'household', 37000, 0, 'ORIA65005', '🧹', NULL, '[]', 0, 1, strftime('%s','now')*1000, 'Cái', 'ORIA65005') ON CONFLICT(id) DO UPDATE SET name=excluded.name, category_id=excluded.category_id, price=excluded.price, barcode=excluded.barcode, image=excluded.image, is_active=1, updated_at=excluded.updated_at, unit=excluded.unit, sku_code=excluded.sku_code;
INSERT INTO products (id, name, category_id, price, cost_price, barcode, image, description, component_ids, min_stock, is_active, updated_at, unit, sku_code) VALUES ('ORIA65006', 'VIEN TREO BC VIM TX&CHANH 55G', 'household', 37000, 0, 'ORIA65006', '🧹', NULL, '[]', 0, 1, strftime('%s','now')*1000, 'Cái', 'ORIA65006') ON CONFLICT(id) DO UPDATE SET name=excluded.name, category_id=excluded.category_id, price=excluded.price, barcode=excluded.barcode, image=excluded.image, is_active=1, updated_at=excluded.updated_at, unit=excluded.unit, sku_code=excluded.sku_code;
INSERT INTO products (id, name, category_id, price, cost_price, barcode, image, description, component_ids, min_stock, is_active, updated_at, unit, sku_code) VALUES ('ORIA65007', 'SAP THOM AMBIPUR H.BI 180G*2', 'household', 89000, 0, 'ORIA65007', '🧹', NULL, '[]', 0, 1, strftime('%s','now')*1000, 'Cái', 'ORIA65007') ON CONFLICT(id) DO UPDATE SET name=excluded.name, category_id=excluded.category_id, price=excluded.price, barcode=excluded.barcode, image=excluded.image, is_active=1, updated_at=excluded.updated_at, unit=excluded.unit, sku_code=excluded.sku_code;
INSERT INTO products (id, name, category_id, price, cost_price, barcode, image, description, component_ids, min_stock, is_active, updated_at, unit, sku_code) VALUES ('ORIA65008', 'NON BAO HIEM CHITA CT54', 'household', 200000, 0, 'ORIA65008', '🧹', NULL, '[]', 0, 1, strftime('%s','now')*1000, 'Cái', 'ORIA65008') ON CONFLICT(id) DO UPDATE SET name=excluded.name, category_id=excluded.category_id, price=excluded.price, barcode=excluded.barcode, image=excluded.image, is_active=1, updated_at=excluded.updated_at, unit=excluded.unit, sku_code=excluded.sku_code;
INSERT INTO products (id, name, category_id, price, cost_price, barcode, image, description, component_ids, min_stock, is_active, updated_at, unit, sku_code) VALUES ('ORIA66002', 'DUA BO DE TACH 20CM -20 D/GOI', 'packaging', 35000, 0, 'ORIA66002', '🥡', NULL, '[]', 0, 1, strftime('%s','now')*1000, 'Gói', 'ORIA66002') ON CONFLICT(id) DO UPDATE SET name=excluded.name, category_id=excluded.category_id, price=excluded.price, barcode=excluded.barcode, image=excluded.image, is_active=1, updated_at=excluded.updated_at, unit=excluded.unit, sku_code=excluded.sku_code;
INSERT INTO products (id, name, category_id, price, cost_price, barcode, image, description, component_ids, min_stock, is_active, updated_at, unit, sku_code) VALUES ('ORIA66003', 'BICH100 MUONGGO KOKUSAI-006484 10C', 'packaging', 18000, 0, 'ORIA66003', '🥡', NULL, '[]', 0, 1, strftime('%s','now')*1000, 'Gói', 'ORIA66003') ON CONFLICT(id) DO UPDATE SET name=excluded.name, category_id=excluded.category_id, price=excluded.price, barcode=excluded.barcode, image=excluded.image, is_active=1, updated_at=excluded.updated_at, unit=excluded.unit, sku_code=excluded.sku_code;
INSERT INTO products (id, name, category_id, price, cost_price, barcode, image, description, component_ids, min_stock, is_active, updated_at, unit, sku_code) VALUES ('ORIA66004', 'LY GIAY HNF 30Z* 10C', 'packaging', 15000, 0, 'ORIA66004', '🥡', NULL, '[]', 0, 1, strftime('%s','now')*1000, 'Gói', 'ORIA66004') ON CONFLICT(id) DO UPDATE SET name=excluded.name, category_id=excluded.category_id, price=excluded.price, barcode=excluded.barcode, image=excluded.image, is_active=1, updated_at=excluded.updated_at, unit=excluded.unit, sku_code=excluded.sku_code;
INSERT INTO products (id, name, category_id, price, cost_price, barcode, image, description, component_ids, min_stock, is_active, updated_at, unit, sku_code) VALUES ('ORIA66005', 'LY GIAY HNF 22OZ*5C', 'packaging', 25000, 0, 'ORIA66005', '🥡', NULL, '[]', 0, 1, strftime('%s','now')*1000, 'Gói', 'ORIA66005') ON CONFLICT(id) DO UPDATE SET name=excluded.name, category_id=excluded.category_id, price=excluded.price, barcode=excluded.barcode, image=excluded.image, is_active=1, updated_at=excluded.updated_at, unit=excluded.unit, sku_code=excluded.sku_code;
INSERT INTO products (id, name, category_id, price, cost_price, barcode, image, description, component_ids, min_stock, is_active, updated_at, unit, sku_code) VALUES ('ORIA66006', 'LY BAMIA GRACZ L051 260ML-10', 'packaging', 32000, 0, 'ORIA66006', '🥡', NULL, '[]', 0, 1, strftime('%s','now')*1000, 'Gói', 'ORIA66006') ON CONFLICT(id) DO UPDATE SET name=excluded.name, category_id=excluded.category_id, price=excluded.price, barcode=excluded.barcode, image=excluded.image, is_active=1, updated_at=excluded.updated_at, unit=excluded.unit, sku_code=excluded.sku_code;
INSERT INTO products (id, name, category_id, price, cost_price, barcode, image, description, component_ids, min_stock, is_active, updated_at, unit, sku_code) VALUES ('ORIA66007', 'TOGIAY TRON MMPRO 2PE 70Z*10', 'packaging', 26000, 0, 'ORIA66007', '🥡', NULL, '[]', 0, 1, strftime('%s','now')*1000, 'Gói', 'ORIA66007') ON CONFLICT(id) DO UPDATE SET name=excluded.name, category_id=excluded.category_id, price=excluded.price, barcode=excluded.barcode, image=excluded.image, is_active=1, updated_at=excluded.updated_at, unit=excluded.unit, sku_code=excluded.sku_code;
INSERT INTO products (id, name, category_id, price, cost_price, barcode, image, description, component_ids, min_stock, is_active, updated_at, unit, sku_code) VALUES ('ORIA66008', 'CHENNAP TB NGO H.DELI 120ML-5C', 'packaging', 20000, 0, 'ORIA66008', '🥡', NULL, '[]', 0, 1, strftime('%s','now')*1000, 'Gói', 'ORIA66008') ON CONFLICT(id) DO UPDATE SET name=excluded.name, category_id=excluded.category_id, price=excluded.price, barcode=excluded.barcode, image=excluded.image, is_active=1, updated_at=excluded.updated_at, unit=excluded.unit, sku_code=excluded.sku_code;
INSERT INTO products (id, name, category_id, price, cost_price, barcode, image, description, component_ids, min_stock, is_active, updated_at, unit, sku_code) VALUES ('ORIA66009', 'TO BAMIA GRACZ LO26 350ML 10', 'packaging', 35000, 0, 'ORIA66009', '🥡', NULL, '[]', 0, 1, strftime('%s','now')*1000, 'Gói', 'ORIA66009') ON CONFLICT(id) DO UPDATE SET name=excluded.name, category_id=excluded.category_id, price=excluded.price, barcode=excluded.barcode, image=excluded.image, is_active=1, updated_at=excluded.updated_at, unit=excluded.unit, sku_code=excluded.sku_code;
INSERT INTO products (id, name, category_id, price, cost_price, barcode, image, description, component_ids, min_stock, is_active, updated_at, unit, sku_code) VALUES ('ORIA66010', 'TO BAMIA GRACZ LO38 875ML 10C', 'packaging', 50000, 0, 'ORIA66010', '🥡', NULL, '[]', 0, 1, strftime('%s','now')*1000, 'Gói', 'ORIA66010') ON CONFLICT(id) DO UPDATE SET name=excluded.name, category_id=excluded.category_id, price=excluded.price, barcode=excluded.barcode, image=excluded.image, is_active=1, updated_at=excluded.updated_at, unit=excluded.unit, sku_code=excluded.sku_code;
INSERT INTO products (id, name, category_id, price, cost_price, barcode, image, description, component_ids, min_stock, is_active, updated_at, unit, sku_code) VALUES ('ORIA66011', 'DIA GIAY MMPRO 13CM*10', 'packaging', 30000, 0, 'ORIA66011', '🥡', NULL, '[]', 0, 1, strftime('%s','now')*1000, 'Gói', 'ORIA66011') ON CONFLICT(id) DO UPDATE SET name=excluded.name, category_id=excluded.category_id, price=excluded.price, barcode=excluded.barcode, image=excluded.image, is_active=1, updated_at=excluded.updated_at, unit=excluded.unit, sku_code=excluded.sku_code;
INSERT INTO products (id, name, category_id, price, cost_price, barcode, image, description, component_ids, min_stock, is_active, updated_at, unit, sku_code) VALUES ('ORIA66012', 'DIA GIAY MMPRO 18CM*10', 'packaging', 50000, 0, 'ORIA66012', '🥡', NULL, '[]', 0, 1, strftime('%s','now')*1000, 'Gói', 'ORIA66012') ON CONFLICT(id) DO UPDATE SET name=excluded.name, category_id=excluded.category_id, price=excluded.price, barcode=excluded.barcode, image=excluded.image, is_active=1, updated_at=excluded.updated_at, unit=excluded.unit, sku_code=excluded.sku_code;
INSERT INTO products (id, name, category_id, price, cost_price, barcode, image, description, component_ids, min_stock, is_active, updated_at, unit, sku_code) VALUES ('ORIA66013', 'DIA GIAY HNF 23CM*10', 'packaging', 55000, 0, 'ORIA66013', '🥡', NULL, '[]', 0, 1, strftime('%s','now')*1000, 'Gói', 'ORIA66013') ON CONFLICT(id) DO UPDATE SET name=excluded.name, category_id=excluded.category_id, price=excluded.price, barcode=excluded.barcode, image=excluded.image, is_active=1, updated_at=excluded.updated_at, unit=excluded.unit, sku_code=excluded.sku_code;
INSERT INTO products (id, name, category_id, price, cost_price, barcode, image, description, component_ids, min_stock, is_active, updated_at, unit, sku_code) VALUES ('ORIA66014', 'DIA BA MIA GRACZ 10IN 10C/L', 'packaging', 55000, 0, 'ORIA66014', '🥡', NULL, '[]', 0, 1, strftime('%s','now')*1000, 'Gói', 'ORIA66014') ON CONFLICT(id) DO UPDATE SET name=excluded.name, category_id=excluded.category_id, price=excluded.price, barcode=excluded.barcode, image=excluded.image, is_active=1, updated_at=excluded.updated_at, unit=excluded.unit, sku_code=excluded.sku_code;
INSERT INTO products (id, name, category_id, price, cost_price, barcode, image, description, component_ids, min_stock, is_active, updated_at, unit, sku_code) VALUES ('ORIA66015', 'BO50 KHAY GIAYLOT CD L.F TRON', 'packaging', 85000, 0, 'ORIA66015', '🥡', NULL, '[]', 0, 1, strftime('%s','now')*1000, 'Bộ', 'ORIA66015') ON CONFLICT(id) DO UPDATE SET name=excluded.name, category_id=excluded.category_id, price=excluded.price, barcode=excluded.barcode, image=excluded.image, is_active=1, updated_at=excluded.updated_at, unit=excluded.unit, sku_code=excluded.sku_code;
INSERT INTO products (id, name, category_id, price, cost_price, barcode, image, description, component_ids, min_stock, is_active, updated_at, unit, sku_code) VALUES ('ORIA66016', 'BO50 KHAY GIAYLOT CD L.F VUONG', 'packaging', 65000, 0, 'ORIA66016', '🥡', NULL, '[]', 0, 1, strftime('%s','now')*1000, 'Bộ', 'ORIA66016') ON CONFLICT(id) DO UPDATE SET name=excluded.name, category_id=excluded.category_id, price=excluded.price, barcode=excluded.barcode, image=excluded.image, is_active=1, updated_at=excluded.updated_at, unit=excluded.unit, sku_code=excluded.sku_code;
INSERT INTO products (id, name, category_id, price, cost_price, barcode, image, description, component_ids, min_stock, is_active, updated_at, unit, sku_code) VALUES ('ORIA66017', 'KHAY NHOM N.GIAY KCW 14.5*20', 'packaging', 106500, 0, 'ORIA66017', '🥡', NULL, '[]', 0, 1, strftime('%s','now')*1000, 'Khay', 'ORIA66017') ON CONFLICT(id) DO UPDATE SET name=excluded.name, category_id=excluded.category_id, price=excluded.price, barcode=excluded.barcode, image=excluded.image, is_active=1, updated_at=excluded.updated_at, unit=excluded.unit, sku_code=excluded.sku_code;
INSERT INTO products (id, name, category_id, price, cost_price, barcode, image, description, component_ids, min_stock, is_active, updated_at, unit, sku_code) VALUES ('ORIA66018', 'KHAY NHOM N.GIAY KCW 21.5CM*10', 'packaging', 130000, 0, 'ORIA66018', '🥡', NULL, '[]', 0, 1, strftime('%s','now')*1000, 'Gói', 'ORIA66018') ON CONFLICT(id) DO UPDATE SET name=excluded.name, category_id=excluded.category_id, price=excluded.price, barcode=excluded.barcode, image=excluded.image, is_active=1, updated_at=excluded.updated_at, unit=excluded.unit, sku_code=excluded.sku_code;
INSERT INTO products (id, name, category_id, price, cost_price, barcode, image, description, component_ids, min_stock, is_active, updated_at, unit, sku_code) VALUES ('ORIA66019', 'KHAY NHOM N.GIAY KCW-31.5CM*10', 'packaging', 184000, 0, 'ORIA66019', '🥡', NULL, '[]', 0, 1, strftime('%s','now')*1000, 'Gói', 'ORIA66019') ON CONFLICT(id) DO UPDATE SET name=excluded.name, category_id=excluded.category_id, price=excluded.price, barcode=excluded.barcode, image=excluded.image, is_active=1, updated_at=excluded.updated_at, unit=excluded.unit, sku_code=excluded.sku_code;
INSERT INTO products (id, name, category_id, price, cost_price, barcode, image, description, component_ids, min_stock, is_active, updated_at, unit, sku_code) VALUES ('ORIA66020', 'GIAY NUONG ANNAPURNA 30X40CM', 'packaging', 46000, 0, 'ORIA66020', '🥡', NULL, '[]', 0, 1, strftime('%s','now')*1000, 'Cuộn', 'ORIA66020') ON CONFLICT(id) DO UPDATE SET name=excluded.name, category_id=excluded.category_id, price=excluded.price, barcode=excluded.barcode, image=excluded.image, is_active=1, updated_at=excluded.updated_at, unit=excluded.unit, sku_code=excluded.sku_code;
INSERT INTO products (id, name, category_id, price, cost_price, barcode, image, description, component_ids, min_stock, is_active, updated_at, unit, sku_code) VALUES ('ORIA66021', 'GIAY CHONG DINH MM 30CM*10M', 'packaging', 55000, 0, 'ORIA66021', '🥡', NULL, '[]', 0, 1, strftime('%s','now')*1000, 'Cuộn', 'ORIA66021') ON CONFLICT(id) DO UPDATE SET name=excluded.name, category_id=excluded.category_id, price=excluded.price, barcode=excluded.barcode, image=excluded.image, is_active=1, updated_at=excluded.updated_at, unit=excluded.unit, sku_code=excluded.sku_code;
INSERT INTO products (id, name, category_id, price, cost_price, barcode, image, description, component_ids, min_stock, is_active, updated_at, unit, sku_code) VALUES ('ORIA66022', 'MANG PVC THP 30CM*150M', 'packaging', 165000, 0, 'ORIA66022', '🥡', NULL, '[]', 0, 1, strftime('%s','now')*1000, 'Cuộn', 'ORIA66022') ON CONFLICT(id) DO UPDATE SET name=excluded.name, category_id=excluded.category_id, price=excluded.price, barcode=excluded.barcode, image=excluded.image, is_active=1, updated_at=excluded.updated_at, unit=excluded.unit, sku_code=excluded.sku_code;
INSERT INTO products (id, name, category_id, price, cost_price, barcode, image, description, component_ids, min_stock, is_active, updated_at, unit, sku_code) VALUES ('ORIA66023', 'B.THAM DAU MM TUI22*19.5CM 50T', 'packaging', 66000, 0, 'ORIA66023', '🥫', NULL, '[]', 0, 1, strftime('%s','now')*1000, 'Túi', 'ORIA66023') ON CONFLICT(id) DO UPDATE SET name=excluded.name, category_id=excluded.category_id, price=excluded.price, barcode=excluded.barcode, image=excluded.image, is_active=1, updated_at=excluded.updated_at, unit=excluded.unit, sku_code=excluded.sku_code;
INSERT INTO products (id, name, category_id, price, cost_price, barcode, image, description, component_ids, min_stock, is_active, updated_at, unit, sku_code) VALUES ('ORIA66024', 'TUI TP PHSH DEODE017*25CM 500G', 'packaging', 93000, 0, 'ORIA66024', '🥡', NULL, '[]', 0, 1, strftime('%s','now')*1000, 'Túi', 'ORIA66024') ON CONFLICT(id) DO UPDATE SET name=excluded.name, category_id=excluded.category_id, price=excluded.price, barcode=excluded.barcode, image=excluded.image, is_active=1, updated_at=excluded.updated_at, unit=excluded.unit, sku_code=excluded.sku_code;
INSERT INTO products (id, name, category_id, price, cost_price, barcode, image, description, component_ids, min_stock, is_active, updated_at, unit, sku_code) VALUES ('ORIA66025', 'TUI TP PHSH DEODE025*35CM 500G', 'packaging', 93000, 0, 'ORIA66025', '🥡', NULL, '[]', 0, 1, strftime('%s','now')*1000, 'Túi', 'ORIA66025') ON CONFLICT(id) DO UPDATE SET name=excluded.name, category_id=excluded.category_id, price=excluded.price, barcode=excluded.barcode, image=excluded.image, is_active=1, updated_at=excluded.updated_at, unit=excluded.unit, sku_code=excluded.sku_code;
INSERT INTO products (id, name, category_id, price, cost_price, barcode, image, description, component_ids, min_stock, is_active, updated_at, unit, sku_code) VALUES ('ORIA66026', 'BAO TAY TIEN DUNG LDPE KOKUSAI', 'packaging', 39000, 0, 'ORIA66026', '🥡', NULL, '[]', 0, 1, strftime('%s','now')*1000, 'Hộp', 'ORIA66026') ON CONFLICT(id) DO UPDATE SET name=excluded.name, category_id=excluded.category_id, price=excluded.price, barcode=excluded.barcode, image=excluded.image, is_active=1, updated_at=excluded.updated_at, unit=excluded.unit, sku_code=excluded.sku_code;
INSERT INTO products (id, name, category_id, price, cost_price, barcode, image, description, component_ids, min_stock, is_active, updated_at, unit, sku_code) VALUES ('ORIA66027', 'BAO TAY NYLON FY HOP X.LA-100C', 'packaging', 35000, 0, 'ORIA66027', '🥡', NULL, '[]', 0, 1, strftime('%s','now')*1000, 'Hộp', 'ORIA66027') ON CONFLICT(id) DO UPDATE SET name=excluded.name, category_id=excluded.category_id, price=excluded.price, barcode=excluded.barcode, image=excluded.image, is_active=1, updated_at=excluded.updated_at, unit=excluded.unit, sku_code=excluded.sku_code;
INSERT INTO products (id, name, category_id, price, cost_price, barcode, image, description, component_ids, min_stock, is_active, updated_at, unit, sku_code) VALUES ('ORIA66028', 'KHAN UOT BOBBY K. HUONG 100T', 'packaging', 55000, 0, 'ORIA66028', '🥡', NULL, '[]', 0, 1, strftime('%s','now')*1000, 'Gói', 'ORIA66028') ON CONFLICT(id) DO UPDATE SET name=excluded.name, category_id=excluded.category_id, price=excluded.price, barcode=excluded.barcode, image=excluded.image, is_active=1, updated_at=excluded.updated_at, unit=excluded.unit, sku_code=excluded.sku_code;
INSERT INTO products (id, name, category_id, price, cost_price, barcode, image, description, component_ids, min_stock, is_active, updated_at, unit, sku_code) VALUES ('ORIA66029', 'GIAY LUA B.YOU H.ME/ALAVIE 250T', 'packaging', 29000, 0, 'ORIA66029', '🥡', NULL, '[]', 0, 1, strftime('%s','now')*1000, 'Gói', 'ORIA66029') ON CONFLICT(id) DO UPDATE SET name=excluded.name, category_id=excluded.category_id, price=excluded.price, barcode=excluded.barcode, image=excluded.image, is_active=1, updated_at=excluded.updated_at, unit=excluded.unit, sku_code=excluded.sku_code;
INSERT INTO products (id, name, category_id, price, cost_price, barcode, image, description, component_ids, min_stock, is_active, updated_at, unit, sku_code) VALUES ('ORIA66030', 'K.GIAY BLESSYOU/ALAVIE HOP180T', 'packaging', 30000, 0, 'ORIA66030', '🥡', NULL, '[]', 0, 1, strftime('%s','now')*1000, 'Hộp', 'ORIA66030') ON CONFLICT(id) DO UPDATE SET name=excluded.name, category_id=excluded.category_id, price=excluded.price, barcode=excluded.barcode, image=excluded.image, is_active=1, updated_at=excluded.updated_at, unit=excluded.unit, sku_code=excluded.sku_code;
INSERT INTO products (id, name, category_id, price, cost_price, barcode, image, description, component_ids, min_stock, is_active, updated_at, unit, sku_code) VALUES ('ORIA66031', 'GVS BLESS YOU H.M/ALAVIE CUON*20', 'packaging', 22000, 0, 'ORIA66031', '🥡', NULL, '[]', 0, 1, strftime('%s','now')*1000, 'Cuộn', 'ORIA66031') ON CONFLICT(id) DO UPDATE SET name=excluded.name, category_id=excluded.category_id, price=excluded.price, barcode=excluded.barcode, image=excluded.image, is_active=1, updated_at=excluded.updated_at, unit=excluded.unit, sku_code=excluded.sku_code;

-- 4) Inventory rows (0 qty — user nhập hàng for opening stock) -----
INSERT INTO inventory (product_id, qty_on_hand, location, updated_at) VALUES ('ORIA61001', 0, 'main', strftime('%s','now')*1000) ON CONFLICT(product_id) DO NOTHING;
INSERT INTO inventory (product_id, qty_on_hand, location, updated_at) VALUES ('ORIA61002', 0, 'main', strftime('%s','now')*1000) ON CONFLICT(product_id) DO NOTHING;
INSERT INTO inventory (product_id, qty_on_hand, location, updated_at) VALUES ('ORIA61003', 0, 'main', strftime('%s','now')*1000) ON CONFLICT(product_id) DO NOTHING;
INSERT INTO inventory (product_id, qty_on_hand, location, updated_at) VALUES ('ORIA61004', 0, 'main', strftime('%s','now')*1000) ON CONFLICT(product_id) DO NOTHING;
INSERT INTO inventory (product_id, qty_on_hand, location, updated_at) VALUES ('ORIA61005', 0, 'main', strftime('%s','now')*1000) ON CONFLICT(product_id) DO NOTHING;
INSERT INTO inventory (product_id, qty_on_hand, location, updated_at) VALUES ('ORIA61006', 0, 'main', strftime('%s','now')*1000) ON CONFLICT(product_id) DO NOTHING;
INSERT INTO inventory (product_id, qty_on_hand, location, updated_at) VALUES ('ORIA61007', 0, 'main', strftime('%s','now')*1000) ON CONFLICT(product_id) DO NOTHING;
INSERT INTO inventory (product_id, qty_on_hand, location, updated_at) VALUES ('ORIA61008', 0, 'main', strftime('%s','now')*1000) ON CONFLICT(product_id) DO NOTHING;
INSERT INTO inventory (product_id, qty_on_hand, location, updated_at) VALUES ('ORIA61009', 0, 'main', strftime('%s','now')*1000) ON CONFLICT(product_id) DO NOTHING;
INSERT INTO inventory (product_id, qty_on_hand, location, updated_at) VALUES ('ORIA61010', 0, 'main', strftime('%s','now')*1000) ON CONFLICT(product_id) DO NOTHING;
INSERT INTO inventory (product_id, qty_on_hand, location, updated_at) VALUES ('ORIA61011', 0, 'main', strftime('%s','now')*1000) ON CONFLICT(product_id) DO NOTHING;
INSERT INTO inventory (product_id, qty_on_hand, location, updated_at) VALUES ('ORIA61012', 0, 'main', strftime('%s','now')*1000) ON CONFLICT(product_id) DO NOTHING;
INSERT INTO inventory (product_id, qty_on_hand, location, updated_at) VALUES ('ORIA61013', 0, 'main', strftime('%s','now')*1000) ON CONFLICT(product_id) DO NOTHING;
INSERT INTO inventory (product_id, qty_on_hand, location, updated_at) VALUES ('ORIA61014', 0, 'main', strftime('%s','now')*1000) ON CONFLICT(product_id) DO NOTHING;
INSERT INTO inventory (product_id, qty_on_hand, location, updated_at) VALUES ('ORIA61015', 0, 'main', strftime('%s','now')*1000) ON CONFLICT(product_id) DO NOTHING;
INSERT INTO inventory (product_id, qty_on_hand, location, updated_at) VALUES ('ORIA61016', 0, 'main', strftime('%s','now')*1000) ON CONFLICT(product_id) DO NOTHING;
INSERT INTO inventory (product_id, qty_on_hand, location, updated_at) VALUES ('ORIA61017', 0, 'main', strftime('%s','now')*1000) ON CONFLICT(product_id) DO NOTHING;
INSERT INTO inventory (product_id, qty_on_hand, location, updated_at) VALUES ('ORIA61018', 0, 'main', strftime('%s','now')*1000) ON CONFLICT(product_id) DO NOTHING;
INSERT INTO inventory (product_id, qty_on_hand, location, updated_at) VALUES ('ORIA61019', 0, 'main', strftime('%s','now')*1000) ON CONFLICT(product_id) DO NOTHING;
INSERT INTO inventory (product_id, qty_on_hand, location, updated_at) VALUES ('ORIA61020', 0, 'main', strftime('%s','now')*1000) ON CONFLICT(product_id) DO NOTHING;
INSERT INTO inventory (product_id, qty_on_hand, location, updated_at) VALUES ('ORIA61021', 0, 'main', strftime('%s','now')*1000) ON CONFLICT(product_id) DO NOTHING;
INSERT INTO inventory (product_id, qty_on_hand, location, updated_at) VALUES ('ORIA61022', 0, 'main', strftime('%s','now')*1000) ON CONFLICT(product_id) DO NOTHING;
INSERT INTO inventory (product_id, qty_on_hand, location, updated_at) VALUES ('ORIA61023', 0, 'main', strftime('%s','now')*1000) ON CONFLICT(product_id) DO NOTHING;
INSERT INTO inventory (product_id, qty_on_hand, location, updated_at) VALUES ('ORIA61024', 0, 'main', strftime('%s','now')*1000) ON CONFLICT(product_id) DO NOTHING;
INSERT INTO inventory (product_id, qty_on_hand, location, updated_at) VALUES ('ORIA61025', 0, 'main', strftime('%s','now')*1000) ON CONFLICT(product_id) DO NOTHING;
INSERT INTO inventory (product_id, qty_on_hand, location, updated_at) VALUES ('ORIA61026', 0, 'main', strftime('%s','now')*1000) ON CONFLICT(product_id) DO NOTHING;
INSERT INTO inventory (product_id, qty_on_hand, location, updated_at) VALUES ('ORIA61027', 0, 'main', strftime('%s','now')*1000) ON CONFLICT(product_id) DO NOTHING;
INSERT INTO inventory (product_id, qty_on_hand, location, updated_at) VALUES ('ORIA61028', 0, 'main', strftime('%s','now')*1000) ON CONFLICT(product_id) DO NOTHING;
INSERT INTO inventory (product_id, qty_on_hand, location, updated_at) VALUES ('ORIA61029', 0, 'main', strftime('%s','now')*1000) ON CONFLICT(product_id) DO NOTHING;
INSERT INTO inventory (product_id, qty_on_hand, location, updated_at) VALUES ('ORIA61030', 0, 'main', strftime('%s','now')*1000) ON CONFLICT(product_id) DO NOTHING;
INSERT INTO inventory (product_id, qty_on_hand, location, updated_at) VALUES ('ORIA61031', 0, 'main', strftime('%s','now')*1000) ON CONFLICT(product_id) DO NOTHING;
INSERT INTO inventory (product_id, qty_on_hand, location, updated_at) VALUES ('ORIA61032', 0, 'main', strftime('%s','now')*1000) ON CONFLICT(product_id) DO NOTHING;
INSERT INTO inventory (product_id, qty_on_hand, location, updated_at) VALUES ('ORIA61033', 0, 'main', strftime('%s','now')*1000) ON CONFLICT(product_id) DO NOTHING;
INSERT INTO inventory (product_id, qty_on_hand, location, updated_at) VALUES ('ORIA62002', 0, 'main', strftime('%s','now')*1000) ON CONFLICT(product_id) DO NOTHING;
INSERT INTO inventory (product_id, qty_on_hand, location, updated_at) VALUES ('ORIA62003', 0, 'main', strftime('%s','now')*1000) ON CONFLICT(product_id) DO NOTHING;
INSERT INTO inventory (product_id, qty_on_hand, location, updated_at) VALUES ('ORIA62004', 0, 'main', strftime('%s','now')*1000) ON CONFLICT(product_id) DO NOTHING;
INSERT INTO inventory (product_id, qty_on_hand, location, updated_at) VALUES ('ORIA62005', 0, 'main', strftime('%s','now')*1000) ON CONFLICT(product_id) DO NOTHING;
INSERT INTO inventory (product_id, qty_on_hand, location, updated_at) VALUES ('ORIA62006', 0, 'main', strftime('%s','now')*1000) ON CONFLICT(product_id) DO NOTHING;
INSERT INTO inventory (product_id, qty_on_hand, location, updated_at) VALUES ('ORIA62007', 0, 'main', strftime('%s','now')*1000) ON CONFLICT(product_id) DO NOTHING;
INSERT INTO inventory (product_id, qty_on_hand, location, updated_at) VALUES ('ORIA62008', 0, 'main', strftime('%s','now')*1000) ON CONFLICT(product_id) DO NOTHING;
INSERT INTO inventory (product_id, qty_on_hand, location, updated_at) VALUES ('ORIA62009', 0, 'main', strftime('%s','now')*1000) ON CONFLICT(product_id) DO NOTHING;
INSERT INTO inventory (product_id, qty_on_hand, location, updated_at) VALUES ('ORIA62010', 0, 'main', strftime('%s','now')*1000) ON CONFLICT(product_id) DO NOTHING;
INSERT INTO inventory (product_id, qty_on_hand, location, updated_at) VALUES ('ORIA62011', 0, 'main', strftime('%s','now')*1000) ON CONFLICT(product_id) DO NOTHING;
INSERT INTO inventory (product_id, qty_on_hand, location, updated_at) VALUES ('ORIA62012', 0, 'main', strftime('%s','now')*1000) ON CONFLICT(product_id) DO NOTHING;
INSERT INTO inventory (product_id, qty_on_hand, location, updated_at) VALUES ('ORIA62013', 0, 'main', strftime('%s','now')*1000) ON CONFLICT(product_id) DO NOTHING;
INSERT INTO inventory (product_id, qty_on_hand, location, updated_at) VALUES ('ORIA62014', 0, 'main', strftime('%s','now')*1000) ON CONFLICT(product_id) DO NOTHING;
INSERT INTO inventory (product_id, qty_on_hand, location, updated_at) VALUES ('ORIA62015', 0, 'main', strftime('%s','now')*1000) ON CONFLICT(product_id) DO NOTHING;
INSERT INTO inventory (product_id, qty_on_hand, location, updated_at) VALUES ('ORIA62016', 0, 'main', strftime('%s','now')*1000) ON CONFLICT(product_id) DO NOTHING;
INSERT INTO inventory (product_id, qty_on_hand, location, updated_at) VALUES ('ORIA62017', 0, 'main', strftime('%s','now')*1000) ON CONFLICT(product_id) DO NOTHING;
INSERT INTO inventory (product_id, qty_on_hand, location, updated_at) VALUES ('ORIA62018', 0, 'main', strftime('%s','now')*1000) ON CONFLICT(product_id) DO NOTHING;
INSERT INTO inventory (product_id, qty_on_hand, location, updated_at) VALUES ('ORIA62019', 0, 'main', strftime('%s','now')*1000) ON CONFLICT(product_id) DO NOTHING;
INSERT INTO inventory (product_id, qty_on_hand, location, updated_at) VALUES ('ORIA63002', 0, 'main', strftime('%s','now')*1000) ON CONFLICT(product_id) DO NOTHING;
INSERT INTO inventory (product_id, qty_on_hand, location, updated_at) VALUES ('ORIA63003', 0, 'main', strftime('%s','now')*1000) ON CONFLICT(product_id) DO NOTHING;
INSERT INTO inventory (product_id, qty_on_hand, location, updated_at) VALUES ('ORIA63004', 0, 'main', strftime('%s','now')*1000) ON CONFLICT(product_id) DO NOTHING;
INSERT INTO inventory (product_id, qty_on_hand, location, updated_at) VALUES ('ORIA63005', 0, 'main', strftime('%s','now')*1000) ON CONFLICT(product_id) DO NOTHING;
INSERT INTO inventory (product_id, qty_on_hand, location, updated_at) VALUES ('ORIA63006', 0, 'main', strftime('%s','now')*1000) ON CONFLICT(product_id) DO NOTHING;
INSERT INTO inventory (product_id, qty_on_hand, location, updated_at) VALUES ('ORIA63007', 0, 'main', strftime('%s','now')*1000) ON CONFLICT(product_id) DO NOTHING;
INSERT INTO inventory (product_id, qty_on_hand, location, updated_at) VALUES ('ORIA63008', 0, 'main', strftime('%s','now')*1000) ON CONFLICT(product_id) DO NOTHING;
INSERT INTO inventory (product_id, qty_on_hand, location, updated_at) VALUES ('ORIA63009', 0, 'main', strftime('%s','now')*1000) ON CONFLICT(product_id) DO NOTHING;
INSERT INTO inventory (product_id, qty_on_hand, location, updated_at) VALUES ('ORIA63010', 0, 'main', strftime('%s','now')*1000) ON CONFLICT(product_id) DO NOTHING;
INSERT INTO inventory (product_id, qty_on_hand, location, updated_at) VALUES ('ORIA63011', 0, 'main', strftime('%s','now')*1000) ON CONFLICT(product_id) DO NOTHING;
INSERT INTO inventory (product_id, qty_on_hand, location, updated_at) VALUES ('ORIA63012', 0, 'main', strftime('%s','now')*1000) ON CONFLICT(product_id) DO NOTHING;
INSERT INTO inventory (product_id, qty_on_hand, location, updated_at) VALUES ('ORIA63013', 0, 'main', strftime('%s','now')*1000) ON CONFLICT(product_id) DO NOTHING;
INSERT INTO inventory (product_id, qty_on_hand, location, updated_at) VALUES ('ORIA63014', 0, 'main', strftime('%s','now')*1000) ON CONFLICT(product_id) DO NOTHING;
INSERT INTO inventory (product_id, qty_on_hand, location, updated_at) VALUES ('ORIA63015', 0, 'main', strftime('%s','now')*1000) ON CONFLICT(product_id) DO NOTHING;
INSERT INTO inventory (product_id, qty_on_hand, location, updated_at) VALUES ('ORIA63016', 0, 'main', strftime('%s','now')*1000) ON CONFLICT(product_id) DO NOTHING;
INSERT INTO inventory (product_id, qty_on_hand, location, updated_at) VALUES ('ORIA63017', 0, 'main', strftime('%s','now')*1000) ON CONFLICT(product_id) DO NOTHING;
INSERT INTO inventory (product_id, qty_on_hand, location, updated_at) VALUES ('ORIA63018', 0, 'main', strftime('%s','now')*1000) ON CONFLICT(product_id) DO NOTHING;
INSERT INTO inventory (product_id, qty_on_hand, location, updated_at) VALUES ('ORIA63019', 0, 'main', strftime('%s','now')*1000) ON CONFLICT(product_id) DO NOTHING;
INSERT INTO inventory (product_id, qty_on_hand, location, updated_at) VALUES ('ORIA63020', 0, 'main', strftime('%s','now')*1000) ON CONFLICT(product_id) DO NOTHING;
INSERT INTO inventory (product_id, qty_on_hand, location, updated_at) VALUES ('ORIA63021', 0, 'main', strftime('%s','now')*1000) ON CONFLICT(product_id) DO NOTHING;
INSERT INTO inventory (product_id, qty_on_hand, location, updated_at) VALUES ('ORIA63022', 0, 'main', strftime('%s','now')*1000) ON CONFLICT(product_id) DO NOTHING;
INSERT INTO inventory (product_id, qty_on_hand, location, updated_at) VALUES ('ORIA63023', 0, 'main', strftime('%s','now')*1000) ON CONFLICT(product_id) DO NOTHING;
INSERT INTO inventory (product_id, qty_on_hand, location, updated_at) VALUES ('ORIA63024', 0, 'main', strftime('%s','now')*1000) ON CONFLICT(product_id) DO NOTHING;
INSERT INTO inventory (product_id, qty_on_hand, location, updated_at) VALUES ('ORIA63025', 0, 'main', strftime('%s','now')*1000) ON CONFLICT(product_id) DO NOTHING;
INSERT INTO inventory (product_id, qty_on_hand, location, updated_at) VALUES ('ORIA63026', 0, 'main', strftime('%s','now')*1000) ON CONFLICT(product_id) DO NOTHING;
INSERT INTO inventory (product_id, qty_on_hand, location, updated_at) VALUES ('ORIA63027', 0, 'main', strftime('%s','now')*1000) ON CONFLICT(product_id) DO NOTHING;
INSERT INTO inventory (product_id, qty_on_hand, location, updated_at) VALUES ('ORIA63028', 0, 'main', strftime('%s','now')*1000) ON CONFLICT(product_id) DO NOTHING;
INSERT INTO inventory (product_id, qty_on_hand, location, updated_at) VALUES ('ORIA63029', 0, 'main', strftime('%s','now')*1000) ON CONFLICT(product_id) DO NOTHING;
INSERT INTO inventory (product_id, qty_on_hand, location, updated_at) VALUES ('ORIA63030', 0, 'main', strftime('%s','now')*1000) ON CONFLICT(product_id) DO NOTHING;
INSERT INTO inventory (product_id, qty_on_hand, location, updated_at) VALUES ('ORIA63031', 0, 'main', strftime('%s','now')*1000) ON CONFLICT(product_id) DO NOTHING;
INSERT INTO inventory (product_id, qty_on_hand, location, updated_at) VALUES ('ORIA63032', 0, 'main', strftime('%s','now')*1000) ON CONFLICT(product_id) DO NOTHING;
INSERT INTO inventory (product_id, qty_on_hand, location, updated_at) VALUES ('ORIA64002', 0, 'main', strftime('%s','now')*1000) ON CONFLICT(product_id) DO NOTHING;
INSERT INTO inventory (product_id, qty_on_hand, location, updated_at) VALUES ('ORIA64003', 0, 'main', strftime('%s','now')*1000) ON CONFLICT(product_id) DO NOTHING;
INSERT INTO inventory (product_id, qty_on_hand, location, updated_at) VALUES ('ORIA64004', 0, 'main', strftime('%s','now')*1000) ON CONFLICT(product_id) DO NOTHING;
INSERT INTO inventory (product_id, qty_on_hand, location, updated_at) VALUES ('ORIA64005', 0, 'main', strftime('%s','now')*1000) ON CONFLICT(product_id) DO NOTHING;
INSERT INTO inventory (product_id, qty_on_hand, location, updated_at) VALUES ('ORIA64006', 0, 'main', strftime('%s','now')*1000) ON CONFLICT(product_id) DO NOTHING;
INSERT INTO inventory (product_id, qty_on_hand, location, updated_at) VALUES ('ORIA64007', 0, 'main', strftime('%s','now')*1000) ON CONFLICT(product_id) DO NOTHING;
INSERT INTO inventory (product_id, qty_on_hand, location, updated_at) VALUES ('ORIA64008', 0, 'main', strftime('%s','now')*1000) ON CONFLICT(product_id) DO NOTHING;
INSERT INTO inventory (product_id, qty_on_hand, location, updated_at) VALUES ('ORIA64009', 0, 'main', strftime('%s','now')*1000) ON CONFLICT(product_id) DO NOTHING;
INSERT INTO inventory (product_id, qty_on_hand, location, updated_at) VALUES ('ORIA64010', 0, 'main', strftime('%s','now')*1000) ON CONFLICT(product_id) DO NOTHING;
INSERT INTO inventory (product_id, qty_on_hand, location, updated_at) VALUES ('ORIA64011', 0, 'main', strftime('%s','now')*1000) ON CONFLICT(product_id) DO NOTHING;
INSERT INTO inventory (product_id, qty_on_hand, location, updated_at) VALUES ('ORIA64012', 0, 'main', strftime('%s','now')*1000) ON CONFLICT(product_id) DO NOTHING;
INSERT INTO inventory (product_id, qty_on_hand, location, updated_at) VALUES ('ORIA64013', 0, 'main', strftime('%s','now')*1000) ON CONFLICT(product_id) DO NOTHING;
INSERT INTO inventory (product_id, qty_on_hand, location, updated_at) VALUES ('ORIA64014', 0, 'main', strftime('%s','now')*1000) ON CONFLICT(product_id) DO NOTHING;
INSERT INTO inventory (product_id, qty_on_hand, location, updated_at) VALUES ('ORIA64015', 0, 'main', strftime('%s','now')*1000) ON CONFLICT(product_id) DO NOTHING;
INSERT INTO inventory (product_id, qty_on_hand, location, updated_at) VALUES ('ORIA64016', 0, 'main', strftime('%s','now')*1000) ON CONFLICT(product_id) DO NOTHING;
INSERT INTO inventory (product_id, qty_on_hand, location, updated_at) VALUES ('ORIA64017', 0, 'main', strftime('%s','now')*1000) ON CONFLICT(product_id) DO NOTHING;
INSERT INTO inventory (product_id, qty_on_hand, location, updated_at) VALUES ('ORIA64018', 0, 'main', strftime('%s','now')*1000) ON CONFLICT(product_id) DO NOTHING;
INSERT INTO inventory (product_id, qty_on_hand, location, updated_at) VALUES ('ORIA64019', 0, 'main', strftime('%s','now')*1000) ON CONFLICT(product_id) DO NOTHING;
INSERT INTO inventory (product_id, qty_on_hand, location, updated_at) VALUES ('ORIA64020', 0, 'main', strftime('%s','now')*1000) ON CONFLICT(product_id) DO NOTHING;
INSERT INTO inventory (product_id, qty_on_hand, location, updated_at) VALUES ('ORIA64021', 0, 'main', strftime('%s','now')*1000) ON CONFLICT(product_id) DO NOTHING;
INSERT INTO inventory (product_id, qty_on_hand, location, updated_at) VALUES ('ORIA64022', 0, 'main', strftime('%s','now')*1000) ON CONFLICT(product_id) DO NOTHING;
INSERT INTO inventory (product_id, qty_on_hand, location, updated_at) VALUES ('ORIA64023', 0, 'main', strftime('%s','now')*1000) ON CONFLICT(product_id) DO NOTHING;
INSERT INTO inventory (product_id, qty_on_hand, location, updated_at) VALUES ('ORIA64024', 0, 'main', strftime('%s','now')*1000) ON CONFLICT(product_id) DO NOTHING;
INSERT INTO inventory (product_id, qty_on_hand, location, updated_at) VALUES ('ORIA64025', 0, 'main', strftime('%s','now')*1000) ON CONFLICT(product_id) DO NOTHING;
INSERT INTO inventory (product_id, qty_on_hand, location, updated_at) VALUES ('ORIA64026', 0, 'main', strftime('%s','now')*1000) ON CONFLICT(product_id) DO NOTHING;
INSERT INTO inventory (product_id, qty_on_hand, location, updated_at) VALUES ('ORIA64027', 0, 'main', strftime('%s','now')*1000) ON CONFLICT(product_id) DO NOTHING;
INSERT INTO inventory (product_id, qty_on_hand, location, updated_at) VALUES ('ORIA64028', 0, 'main', strftime('%s','now')*1000) ON CONFLICT(product_id) DO NOTHING;
INSERT INTO inventory (product_id, qty_on_hand, location, updated_at) VALUES ('ORIA64029', 0, 'main', strftime('%s','now')*1000) ON CONFLICT(product_id) DO NOTHING;
INSERT INTO inventory (product_id, qty_on_hand, location, updated_at) VALUES ('ORIA65002', 0, 'main', strftime('%s','now')*1000) ON CONFLICT(product_id) DO NOTHING;
INSERT INTO inventory (product_id, qty_on_hand, location, updated_at) VALUES ('ORIA65003', 0, 'main', strftime('%s','now')*1000) ON CONFLICT(product_id) DO NOTHING;
INSERT INTO inventory (product_id, qty_on_hand, location, updated_at) VALUES ('ORIA65004', 0, 'main', strftime('%s','now')*1000) ON CONFLICT(product_id) DO NOTHING;
INSERT INTO inventory (product_id, qty_on_hand, location, updated_at) VALUES ('ORIA65005', 0, 'main', strftime('%s','now')*1000) ON CONFLICT(product_id) DO NOTHING;
INSERT INTO inventory (product_id, qty_on_hand, location, updated_at) VALUES ('ORIA65006', 0, 'main', strftime('%s','now')*1000) ON CONFLICT(product_id) DO NOTHING;
INSERT INTO inventory (product_id, qty_on_hand, location, updated_at) VALUES ('ORIA65007', 0, 'main', strftime('%s','now')*1000) ON CONFLICT(product_id) DO NOTHING;
INSERT INTO inventory (product_id, qty_on_hand, location, updated_at) VALUES ('ORIA65008', 0, 'main', strftime('%s','now')*1000) ON CONFLICT(product_id) DO NOTHING;
INSERT INTO inventory (product_id, qty_on_hand, location, updated_at) VALUES ('ORIA66002', 0, 'main', strftime('%s','now')*1000) ON CONFLICT(product_id) DO NOTHING;
INSERT INTO inventory (product_id, qty_on_hand, location, updated_at) VALUES ('ORIA66003', 0, 'main', strftime('%s','now')*1000) ON CONFLICT(product_id) DO NOTHING;
INSERT INTO inventory (product_id, qty_on_hand, location, updated_at) VALUES ('ORIA66004', 0, 'main', strftime('%s','now')*1000) ON CONFLICT(product_id) DO NOTHING;
INSERT INTO inventory (product_id, qty_on_hand, location, updated_at) VALUES ('ORIA66005', 0, 'main', strftime('%s','now')*1000) ON CONFLICT(product_id) DO NOTHING;
INSERT INTO inventory (product_id, qty_on_hand, location, updated_at) VALUES ('ORIA66006', 0, 'main', strftime('%s','now')*1000) ON CONFLICT(product_id) DO NOTHING;
INSERT INTO inventory (product_id, qty_on_hand, location, updated_at) VALUES ('ORIA66007', 0, 'main', strftime('%s','now')*1000) ON CONFLICT(product_id) DO NOTHING;
INSERT INTO inventory (product_id, qty_on_hand, location, updated_at) VALUES ('ORIA66008', 0, 'main', strftime('%s','now')*1000) ON CONFLICT(product_id) DO NOTHING;
INSERT INTO inventory (product_id, qty_on_hand, location, updated_at) VALUES ('ORIA66009', 0, 'main', strftime('%s','now')*1000) ON CONFLICT(product_id) DO NOTHING;
INSERT INTO inventory (product_id, qty_on_hand, location, updated_at) VALUES ('ORIA66010', 0, 'main', strftime('%s','now')*1000) ON CONFLICT(product_id) DO NOTHING;
INSERT INTO inventory (product_id, qty_on_hand, location, updated_at) VALUES ('ORIA66011', 0, 'main', strftime('%s','now')*1000) ON CONFLICT(product_id) DO NOTHING;
INSERT INTO inventory (product_id, qty_on_hand, location, updated_at) VALUES ('ORIA66012', 0, 'main', strftime('%s','now')*1000) ON CONFLICT(product_id) DO NOTHING;
INSERT INTO inventory (product_id, qty_on_hand, location, updated_at) VALUES ('ORIA66013', 0, 'main', strftime('%s','now')*1000) ON CONFLICT(product_id) DO NOTHING;
INSERT INTO inventory (product_id, qty_on_hand, location, updated_at) VALUES ('ORIA66014', 0, 'main', strftime('%s','now')*1000) ON CONFLICT(product_id) DO NOTHING;
INSERT INTO inventory (product_id, qty_on_hand, location, updated_at) VALUES ('ORIA66015', 0, 'main', strftime('%s','now')*1000) ON CONFLICT(product_id) DO NOTHING;
INSERT INTO inventory (product_id, qty_on_hand, location, updated_at) VALUES ('ORIA66016', 0, 'main', strftime('%s','now')*1000) ON CONFLICT(product_id) DO NOTHING;
INSERT INTO inventory (product_id, qty_on_hand, location, updated_at) VALUES ('ORIA66017', 0, 'main', strftime('%s','now')*1000) ON CONFLICT(product_id) DO NOTHING;
INSERT INTO inventory (product_id, qty_on_hand, location, updated_at) VALUES ('ORIA66018', 0, 'main', strftime('%s','now')*1000) ON CONFLICT(product_id) DO NOTHING;
INSERT INTO inventory (product_id, qty_on_hand, location, updated_at) VALUES ('ORIA66019', 0, 'main', strftime('%s','now')*1000) ON CONFLICT(product_id) DO NOTHING;
INSERT INTO inventory (product_id, qty_on_hand, location, updated_at) VALUES ('ORIA66020', 0, 'main', strftime('%s','now')*1000) ON CONFLICT(product_id) DO NOTHING;
INSERT INTO inventory (product_id, qty_on_hand, location, updated_at) VALUES ('ORIA66021', 0, 'main', strftime('%s','now')*1000) ON CONFLICT(product_id) DO NOTHING;
INSERT INTO inventory (product_id, qty_on_hand, location, updated_at) VALUES ('ORIA66022', 0, 'main', strftime('%s','now')*1000) ON CONFLICT(product_id) DO NOTHING;
INSERT INTO inventory (product_id, qty_on_hand, location, updated_at) VALUES ('ORIA66023', 0, 'main', strftime('%s','now')*1000) ON CONFLICT(product_id) DO NOTHING;
INSERT INTO inventory (product_id, qty_on_hand, location, updated_at) VALUES ('ORIA66024', 0, 'main', strftime('%s','now')*1000) ON CONFLICT(product_id) DO NOTHING;
INSERT INTO inventory (product_id, qty_on_hand, location, updated_at) VALUES ('ORIA66025', 0, 'main', strftime('%s','now')*1000) ON CONFLICT(product_id) DO NOTHING;
INSERT INTO inventory (product_id, qty_on_hand, location, updated_at) VALUES ('ORIA66026', 0, 'main', strftime('%s','now')*1000) ON CONFLICT(product_id) DO NOTHING;
INSERT INTO inventory (product_id, qty_on_hand, location, updated_at) VALUES ('ORIA66027', 0, 'main', strftime('%s','now')*1000) ON CONFLICT(product_id) DO NOTHING;
INSERT INTO inventory (product_id, qty_on_hand, location, updated_at) VALUES ('ORIA66028', 0, 'main', strftime('%s','now')*1000) ON CONFLICT(product_id) DO NOTHING;
INSERT INTO inventory (product_id, qty_on_hand, location, updated_at) VALUES ('ORIA66029', 0, 'main', strftime('%s','now')*1000) ON CONFLICT(product_id) DO NOTHING;
INSERT INTO inventory (product_id, qty_on_hand, location, updated_at) VALUES ('ORIA66030', 0, 'main', strftime('%s','now')*1000) ON CONFLICT(product_id) DO NOTHING;
INSERT INTO inventory (product_id, qty_on_hand, location, updated_at) VALUES ('ORIA66031', 0, 'main', strftime('%s','now')*1000) ON CONFLICT(product_id) DO NOTHING;
