-- Supabase seed for ShopFlow POS
-- Generated at 2026-06-16T12:44:49.044Z

begin;

-- categories
insert into categories (id, label, icon, sort_order, is_active, updated_at, parent_id, level, code) values
  ('fruits', 'Trái cây / Fruits', '🍎', 10000, 1, 1781613889044, NULL, 1, '10000'),
  ('smoothies', 'Sinh tố / Smoothies', '🥤', 20000, 1, 1781613889044, NULL, 1, '20000'),
  ('juices', 'Nước ép / Juices', '🍊', 30000, 1, 1781613889044, NULL, 1, '30000'),
  ('nutritious-drinks', 'Thức uống dinh dưỡng / Nutritious Drinks', '💪', 40000, 1, 1781613889044, NULL, 1, '40000'),
  ('refreshing-drinks', 'Thức uống giải khát / Refreshing Beverages', '🧃', 50000, 1, 1781613889044, NULL, 1, '50000'),
  ('essentials', 'Nhu yếu phẩm / Essentials & Convenience Goods', '🛒', 60000, 1, 1781613889044, NULL, 1, '60000'),
  ('snacks', 'Đồ ăn nhanh và đồ ăn vặt / Fast Food & Snacks', '🍿', 61000, 1, 1781613889044, 'essentials', 2, '61000'),
  ('beverages', 'Thức uống, sữa, ngũ cốc / Beverages, Milk & Cereals', '🥛', 62000, 1, 1781613889044, 'essentials', 2, '62000'),
  ('pantry', 'Nguyên liệu khô và thực phẩm thiết yếu trong bếp / Pantry & Kitchen Staples', '🥫', 63000, 1, 1781613889044, 'essentials', 2, '63000'),
  ('personal-care', 'Chăm sóc cá nhân & vệ sinh / Personal Care & Hygiene', '🧴', 64000, 1, 1781613889044, 'essentials', 2, '64000'),
  ('household', 'Đồ gia dụng, vệ sinh nhà cửa và hàng thiết yếu / Household, Cleaning & Home Essentials', '🧹', 65000, 1, 1781613889044, 'essentials', 2, '65000'),
  ('packaging', 'Dụng cụ, bao bì, đồ dùng một lần / Utensils, Packaging & Disposable Food Ware', '🥡', 66000, 1, 1781613889044, 'essentials', 2, '66000')
on conflict (id) do update set
  label = excluded.label,
  icon = excluded.icon,
  sort_order = excluded.sort_order,
  is_active = excluded.is_active,
  updated_at = excluded.updated_at,
  parent_id = excluded.parent_id,
  level = excluded.level,
  code = excluded.code
;

-- add_ons
insert into add_ons (id, label, price, group_key, is_active, updated_at) values
  ('sugar-50', '50% đường / Sugar 50%', 0, 'sweetness', 1, 1781613889044),
  ('sugar-0', 'Không đường / No Sugar', 0, 'sweetness', 1, 1781613889044),
  ('ice-less', 'Ít đá / Less Ice', 0, 'ice', 1, 1781613889044),
  ('ice-none', 'Không đá / No Ice', 0, 'ice', 1, 1781613889044),
  ('chia', 'Hạt chia / Chia Seeds', 8000, 'extras', 1, 1781613889044),
  ('aloe', 'Nha đam / Aloe Vera', 7000, 'extras', 1, 1781613889044),
  ('yogurt', 'Sữa chua Hy Lạp / Greek Yogurt', 12000, 'extras', 1, 1781613889044),
  ('protein', 'Protein thêm / Protein Shot', 15000, 'extras', 1, 1781613889044)
on conflict (id) do update set
  label = excluded.label,
  price = excluded.price,
  group_key = excluded.group_key,
  is_active = excluded.is_active,
  updated_at = excluded.updated_at
;

-- components
insert into components (id, label, unit, note, stock_qty, min_stock, item_type, cost_per_unit, is_active, updated_at) values
  ('orange', 'Cam / Orange', 'trái / fruits', 'Nguyên liệu nước ép cam / Juice base', 0, 0, 'raw_material', 0, 1, 1781613889044),
  ('watermelon', 'Dưa hấu / Watermelon', 'gram', 'Nguyên liệu lạnh / Chilled prep', 0, 0, 'raw_material', 0, 1, 1781613889044),
  ('mint', 'Lá bạc hà / Mint', 'lá / leaves', 'Trang trí và tạo mùi / Garnish', 0, 0, 'raw_material', 0, 1, 1781613889044),
  ('honey', 'Mật ong / Honey', 'ml', 'Tăng vị ngọt / Sweetener', 0, 0, 'raw_material', 0, 1, 1781613889044),
  ('yogurt-base', 'Sữa chua / Yogurt', 'gram', 'Base cho smoothie / Smoothie base', 0, 0, 'raw_material', 0, 1, 1781613889044),
  ('chia-base', 'Hạt chia / Chia Seeds', 'gram', 'Topping mặc định / Default topping', 0, 0, 'raw_material', 0, 1, 1781613889044)
on conflict (id) do update set
  label = excluded.label,
  unit = excluded.unit,
  note = excluded.note,
  stock_qty = excluded.stock_qty,
  min_stock = excluded.min_stock,
  item_type = excluded.item_type,
  cost_per_unit = excluded.cost_per_unit,
  is_active = excluded.is_active,
  updated_at = excluded.updated_at
;

-- products
insert into products (id, name, category_id, price, cost_price, barcode, image, description, component_ids, inventory_mode, min_stock, is_active, updated_at, unit, sku_code) values
  ('ORIA61001', 'PHO GA DE NHAT ACE 67G', 'snacks', 12000, 0, 'ORIA61001', '🍿', NULL, '[]', NULL, 0, 1, 1781613889044, 'Gói', 'ORIA61001'),
  ('ORIA61002', 'MI UDON SUKI SUKI NHAT BAN 75G', 'snacks', 13000, 0, 'ORIA61002', '🍿', NULL, '[]', NULL, 0, 1, 1781613889044, NULL, 'ORIA61002'),
  ('ORIA61003', 'MI LY XOT TUONG DEN OTOKI 70G', 'snacks', 22000, 0, 'ORIA61003', '🍿', NULL, '[]', NULL, 0, 1, 1781613889044, NULL, 'ORIA61003'),
  ('ORIA61004', 'MI LY SHIN NONGSHIM 68G', 'snacks', 32000, 0, 'ORIA61004', '🍿', NULL, '[]', NULL, 0, 1, 1781613889044, 'LY', 'ORIA61004'),
  ('ORIA61005', 'MI JIN XOT TUONG DEN 135G', 'snacks', 28000, 0, 'ORIA61005', '🍿', NULL, '[]', NULL, 0, 1, 1781613889044, 'Chai', 'ORIA61005'),
  ('ORIA61006', 'MI SHIN RAMYUN 120G', 'snacks', 33000, 0, 'ORIA61006', '🍿', NULL, '[]', NULL, 0, 1, 1781613889044, 'Gói', 'ORIA61006'),
  ('ORIA61007', 'MI LY MODERN L.THAI TOM67G', 'snacks', 12000, 0, 'ORIA61007', '🍿', NULL, '[]', NULL, 0, 1, 1781613889044, 'LY', 'ORIA61007'),
  ('ORIA61008', 'MIEN S.HEO PHU HUONG ACE55G', 'snacks', 15000, 0, 'ORIA61008', '🍿', NULL, '[]', NULL, 0, 1, 1781613889044, NULL, 'ORIA61008'),
  ('ORIA61009', 'TOKPOKKI PHO MAI O FOOD 105G*3', 'snacks', 30000, 0, 'ORIA61009', '🍿', NULL, '[]', NULL, 0, 1, 1781613889044, 'Hộp', 'ORIA61009'),
  ('ORIA61010', 'R.BIEN TRON K.GA OFOOD 30/40G', 'snacks', 49500, 0, 'ORIA61010', '🍿', NULL, '[]', NULL, 0, 1, 1781613889044, NULL, 'ORIA61010'),
  ('ORIA61011', 'R.BIEN TRON H.SAN OFOOD30/40G', 'snacks', 55000, 0, 'ORIA61011', '🍿', NULL, '[]', NULL, 0, 1, 1781613889044, NULL, 'ORIA61011'),
  ('ORIA61012', 'R.BIEN TRON NNHAN OFOOD30/40G', 'snacks', 55000, 0, 'ORIA61012', '🍿', NULL, '[]', NULL, 0, 1, 1781613889044, NULL, 'ORIA61012'),
  ('ORIA61013', 'L.KIM OFOOD T.DAU OLIU', 'snacks', 10000, 0, 'ORIA61013', '🍿', NULL, '[]', NULL, 0, 1, 1781613889044, NULL, 'ORIA61013'),
  ('ORIA61014', 'B.OREO SCL VAN 110.4/105G', 'snacks', 21000, 0, 'ORIA61014', '🍿', NULL, '[]', NULL, 0, 1, 1781613889044, NULL, 'ORIA61014'),
  ('ORIA61015', 'B.OREO KEM V.QUAT110.4/105G', 'snacks', 22000, 0, 'ORIA61015', '🍿', NULL, '[]', NULL, 0, 1, 1781613889044, 'Gói', 'ORIA61015'),
  ('ORIA61016', 'B.OREO SOCOLA 110.4/105G', 'snacks', 22000, 0, 'ORIA61016', '🍿', NULL, '[]', NULL, 0, 1, 1781613889044, NULL, 'ORIA61016'),
  ('ORIA61017', 'KHOAITAYCHIEN SLIDEORIGINAL60G', 'snacks', 36500, 0, 'ORIA61017', '🍿', NULL, '[]', NULL, 0, 1, 1781613889044, NULL, 'ORIA61017'),
  ('ORIA61018', 'KTC SLIDE PHO MAI 65G/60G/75G', 'snacks', 36500, 0, 'ORIA61018', '🍿', NULL, '[]', NULL, 0, 1, 1781613889044, NULL, 'ORIA61018'),
  ('ORIA61019', 'KTC SLIDE HOT&SPICY65G/60G/75G', 'snacks', 37000, 0, 'ORIA61019', '🍿', NULL, '[]', NULL, 0, 1, 1781613889044, NULL, 'ORIA61019'),
  ('ORIA61020', 'KTC SLIDE SOUR CR 65G/60G', 'snacks', 38000, 0, 'ORIA61020', '🍿', NULL, '[]', NULL, 0, 1, 1781613889044, NULL, 'ORIA61020'),
  ('ORIA61021', 'KTC SLIDE BBQ 65G/60G', 'snacks', 38000, 0, 'ORIA61021', '🍿', NULL, '[]', NULL, 0, 1, 1781613889044, NULL, 'ORIA61021'),
  ('ORIA61022', 'B.QUE MIX VI TTHONG 150G', 'snacks', 46500, 0, 'ORIA61022', '🍿', NULL, '[]', NULL, 0, 1, 1781613889044, NULL, 'ORIA61022'),
  ('ORIA61023', 'B.QUE MIX GA CAY 25/20G', 'snacks', 8000, 0, 'ORIA61023', '🍿', NULL, '[]', NULL, 0, 1, 1781613889044, 'Gói', 'ORIA61023'),
  ('ORIA61024', 'B.QUE DO BACON STICK 20G', 'snacks', 10000, 0, 'ORIA61024', '🍿', NULL, '[]', NULL, 0, 1, 1781613889044, 'Gói', 'ORIA61024'),
  ('ORIA61025', 'B.QUE CAM BACON STICK 20G131', 'snacks', 11000, 0, 'ORIA61025', '🍿', NULL, '[]', NULL, 0, 1, 1781613889044, NULL, 'ORIA61025'),
  ('ORIA61026', 'SNACK TOM RUAY PUAN 20G', 'snacks', 7000, 0, 'ORIA61026', '🍿', NULL, '[]', NULL, 0, 1, 1781613889044, 'Gói', 'ORIA61026'),
  ('ORIA61027', 'SNACK TOM V.THINH HANAMI 110G', 'snacks', 76000, 0, 'ORIA61027', '🍿', NULL, '[]', NULL, 0, 1, 1781613889044, NULL, 'ORIA61027'),
  ('ORIA61028', 'BANH TRANG TAN NHIEN OCOP 250G', 'snacks', 31000, 0, 'ORIA61028', '🍿', NULL, '[]', NULL, 0, 1, 1781613889044, NULL, 'ORIA61028'),
  ('ORIA61029', 'BANH CHOCOPIEORION 36.3G*12GOI', 'snacks', 6000, 0, 'ORIA61029', '🍿', NULL, '[]', NULL, 0, 1, 1781613889044, NULL, 'ORIA61029'),
  ('ORIA61030', 'ORION CUSTAS G.DUONG 23.5G*12', 'snacks', 8000, 0, 'ORIA61030', '🍿', NULL, '[]', NULL, 0, 1, 1781613889044, NULL, 'ORIA61030'),
  ('ORIA61031', 'G.XYLITOL SP COOL 55.1G', 'snacks', 35000, 0, 'ORIA61031', '🍿', NULL, '[]', NULL, 0, 1, 1781613889044, 'Hộp', 'ORIA61031'),
  ('ORIA61032', 'KEO THE VIDUAHAU PLAYMORE22G*1', 'snacks', 37000, 0, 'ORIA61032', '🍿', NULL, '[]', NULL, 0, 1, 1781613889044, NULL, 'ORIA61032'),
  ('ORIA61033', 'KEO PLAYMORE DAU TAY 22G_COC', 'snacks', 37000, 0, 'ORIA61033', '🍿', NULL, '[]', NULL, 0, 1, 1781613889044, NULL, 'ORIA61033'),
  ('ORIA62002', 'N.T.KHIET DASANI 350ML*1CH', 'beverages', 5000, 0, 'ORIA62002', '🥛', NULL, '[]', NULL, 0, 1, 1781613889044, NULL, 'ORIA62002'),
  ('ORIA62003', 'NTT AQUARIUS K.CALO 390ML', 'beverages', 10000, 0, 'ORIA62003', '🥛', NULL, '[]', NULL, 0, 1, 1781613889044, 'Chai', 'ORIA62003'),
  ('ORIA62004', 'NGK SPRITE SLEEK 320ML', 'beverages', 14000, 0, 'ORIA62004', '🥛', NULL, '[]', NULL, 0, 1, 1781613889044, 'Lon', 'ORIA62004'),
  ('ORIA62005', 'N.N. COCA LIGHT SLEEK 320ML', 'beverages', 15000, 0, 'ORIA62005', '🥛', NULL, '[]', NULL, 0, 1, 1781613889044, 'Lon', 'ORIA62005'),
  ('ORIA62006', 'NGK COCA VANI K.DUONG 320ML', 'beverages', 15000, 0, 'ORIA62006', '🥛', NULL, '[]', NULL, 0, 1, 1781613889044, 'Lon', 'ORIA62006'),
  ('ORIA62007', 'NTL REDBULL THAI KEM 250ML', 'beverages', 15500, 0, 'ORIA62007', '🥛', NULL, '[]', NULL, 0, 1, 1781613889044, 'Lon', 'ORIA62007'),
  ('ORIA62008', 'NUOC T.KHIETAQUAFINA355ML', 'beverages', 6000, 0, 'ORIA62008', '🥛', NULL, '[]', NULL, 0, 1, 1781613889044, 'Chai', 'ORIA62008'),
  ('ORIA62009', 'BIA TIGER CRYSTAL 330ML', 'beverages', 25000, 0, 'ORIA62009', '🥛', NULL, '[]', NULL, 0, 1, 1781613889044, 'Lon', 'ORIA62009'),
  ('ORIA62010', 'BIA HEINEKEN SILVER 330ML', 'beverages', 27000, 0, 'ORIA62010', '🥛', NULL, '[]', NULL, 0, 1, 1781613889044, 'Lon', 'ORIA62010'),
  ('ORIA62011', 'MILO UHT 115/110ML*4HOP (Pack of 4)', 'beverages', 8000, 0, 'ORIA62011', '🥛', NULL, '[]', NULL, 0, 1, 1781613889044, 'Hộp', 'ORIA62011'),
  ('ORIA62012', 'MILO UHT IT DUONG 115/110ML*4H (Pack of 4)', 'beverages', 8000, 0, 'ORIA62012', '🥛', NULL, '[]', NULL, 0, 1, 1781613889044, 'Hộp', 'ORIA62012'),
  ('ORIA62013', 'MILO UHT IT DUONG 180ML*4 (Pack of 4)', 'beverages', 12000, 0, 'ORIA62013', '🥛', NULL, '[]', NULL, 0, 1, 1781613889044, 'Hộp', 'ORIA62013'),
  ('ORIA62014', 'MILO UHT 180ML*8HOP (Pack of 8)', 'beverages', 12000, 0, 'ORIA62014', '🥛', NULL, '[]', NULL, 0, 1, 1781613889044, 'Hộp', 'ORIA62014'),
  ('ORIA62015', 'CACAO MILO 3IN1 22G', 'beverages', 6000, 0, 'ORIA62015', '🥛', NULL, '[]', NULL, 0, 1, 1781613889044, 'Gói', 'ORIA62015'),
  ('ORIA62016', 'NESCAFE 3IN1 NG', 'beverages', 5000, 0, 'ORIA62016', '🥛', NULL, '[]', NULL, 0, 1, 1781613889044, 'Gói', 'ORIA62016'),
  ('ORIA62017', 'BNC NESVITA 25G*14', 'beverages', 7000, 0, 'ORIA62017', '🥛', NULL, '[]', NULL, 0, 1, 1781613889044, NULL, 'ORIA62017'),
  ('ORIA62018', 'NGU COC TRAI CAY CALBEE 450G', 'beverages', 251000, 0, 'ORIA62018', '🥛', NULL, '[]', NULL, 0, 1, 1781613889044, 'Túi', 'ORIA62018'),
  ('ORIA62019', 'N.COC T.CAY CALBEE ITDUONG600G', 'beverages', 409000, 0, 'ORIA62019', '🥛', NULL, '[]', NULL, 0, 1, 1781613889044, 'Túi', 'ORIA62019'),
  ('ORIA63002', 'TUONG OT CHINSU 250G*1(NAM)', 'pantry', 23000, 0, 'ORIA63002', '🥫', NULL, '[]', NULL, 0, 1, 1781613889044, NULL, 'ORIA63002'),
  ('ORIA63003', 'N.TUONG DAM DAC MAGGI 300ML', 'pantry', 22000, 0, 'ORIA63003', '🥫', NULL, '[]', NULL, 0, 1, 1781613889044, NULL, 'ORIA63003'),
  ('ORIA63004', 'SDCD ONG THO DO TUYP 165G', 'pantry', 29000, 0, 'ORIA63004', '🥫', NULL, '[]', NULL, 0, 1, 1781613889044, NULL, 'ORIA63004'),
  ('ORIA63005', 'SUA DAC ONG THO DO HG 380G', 'pantry', 37000, 0, 'ORIA63005', '🥫', NULL, '[]', NULL, 0, 1, 1781613889044, 'Hộp', 'ORIA63005'),
  ('ORIA63006', 'S.DAC VI NHUA ONG-THO DO40G', 'pantry', 8000, 0, 'ORIA63006', '🥫', NULL, '[]', NULL, 0, 1, 1781613889044, 'Hộp', 'ORIA63006'),
  ('ORIA63007', 'XOT MAYONNAISE AJI NGOTDIU260G', 'pantry', 49000, 0, 'ORIA63007', '🥫', NULL, '[]', NULL, 0, 1, 1781613889044, NULL, 'ORIA63007'),
  ('ORIA63008', 'XOT MERANG KEWPIE 210ML*2', 'pantry', 73000, 0, 'ORIA63008', '🥫', NULL, '[]', NULL, 0, 1, 1781613889044, NULL, 'ORIA63008'),
  ('ORIA63009', 'N.MAM THANH QUOC40N60ML*6-OCOP', 'pantry', 23000, 0, 'ORIA63009', '🥫', NULL, '[]', NULL, 0, 1, 1781613889044, NULL, 'ORIA63009'),
  ('ORIA63010', 'CA MOI/TRICH/NUC 3 COGAI 155G*10', 'pantry', 25000, 0, 'ORIA63010', '🥫', NULL, '[]', NULL, 0, 1, 1781613889044, NULL, 'ORIA63010'),
  ('ORIA63011', 'BO THUC VAT MEIZAN 80G*5', 'pantry', 14000, 0, 'ORIA63011', '🥫', NULL, '[]', NULL, 0, 1, 1781613889044, NULL, 'ORIA63011'),
  ('ORIA63012', 'DAU NANH SIMPLY 1L', 'pantry', 88000, 0, 'ORIA63012', '🥫', NULL, '[]', NULL, 0, 1, 1781613889044, 'Chai', 'ORIA63012'),
  ('ORIA63013', 'HATNEM CHAY NAMHUONG KNORR170G', 'pantry', 25000, 0, 'ORIA63013', '🥫', NULL, '[]', NULL, 0, 1, 1781613889044, NULL, 'ORIA63013'),
  ('ORIA63014', 'BOT GAO TAI KY 400GR', 'pantry', 25000, 0, 'ORIA63014', '🥫', NULL, '[]', NULL, 0, 1, 1781613889044, 'Gói', 'ORIA63014'),
  ('ORIA63015', 'BOT NEP TAI KY 400GR', 'pantry', 30000, 0, 'ORIA63015', '🥫', NULL, '[]', NULL, 0, 1, 1781613889044, 'Gói', 'ORIA63015'),
  ('ORIA63016', 'BOT KHOAI TRANG DDTHUAN 200G', 'pantry', 21000, 0, 'ORIA63016', '🥫', NULL, '[]', NULL, 0, 1, 1781613889044, NULL, 'ORIA63016'),
  ('ORIA63017', 'BOT DAU XANH HAT SEN MM 35G', 'pantry', 5000, 0, 'ORIA63017', '🥫', NULL, '[]', NULL, 0, 1, 1781613889044, 'Gói', 'ORIA63017'),
  ('ORIA63018', 'PHO TAI DDTHUAN 100G', 'pantry', 41000, 0, 'ORIA63018', '🥫', NULL, '[]', NULL, 0, 1, 1781613889044, NULL, 'ORIA63018'),
  ('ORIA63019', 'TAO KHO DD.THUAN 100 GR', 'pantry', 25000, 0, 'ORIA63019', '🥫', NULL, '[]', NULL, 0, 1, 1781613889044, NULL, 'ORIA63019'),
  ('ORIA63020', 'HAT E DDTHUAN 100G', 'pantry', 31000, 0, 'ORIA63020', '🥫', NULL, '[]', NULL, 0, 1, 1781613889044, NULL, 'ORIA63020'),
  ('ORIA63021', 'HAT TIEU DEN EZ LIFE 40G', 'pantry', 19000, 0, 'ORIA63021', '🥫', NULL, '[]', NULL, 0, 1, 1781613889044, NULL, 'ORIA63021'),
  ('ORIA63022', 'DAU XANH CA MM 1KG', 'pantry', 80000, 0, 'ORIA63022', '🥫', NULL, '[]', NULL, 0, 1, 1781613889044, NULL, 'ORIA63022'),
  ('ORIA63023', 'D.PHEN HAT N.CHAT DANG THU 1KG', 'pantry', 80000, 0, 'ORIA63023', '🥫', NULL, '[]', NULL, 0, 1, 1781613889044, 'Gói', 'ORIA63023'),
  ('ORIA63024', 'MUOI HONG HAT TO EZ LIFE CANKG (per kg)', 'pantry', 45000, 0, 'ORIA63024', '🥫', NULL, '[]', NULL, 0, 1, 1781613889044, NULL, 'ORIA63024'),
  ('ORIA63025', 'MUOI HONG MIN EZ LIFE CAN KG (per kg)', 'pantry', 45000, 0, 'ORIA63025', '🥫', NULL, '[]', NULL, 0, 1, 1781613889044, 'Gói', 'ORIA63025'),
  ('ORIA63026', 'DAU DEN X.LONG EZ LIFE CAN KG (per kg)', 'pantry', 130000, 0, 'ORIA63026', '🥫', NULL, '[]', NULL, 0, 1, 1781613889044, NULL, 'ORIA63026'),
  ('ORIA63027', 'DAU DO MAT CUA EZ LIFE CAN KG (per kg)', 'pantry', 130000, 0, 'ORIA63027', '🥫', NULL, '[]', NULL, 0, 1, 1781613889044, NULL, 'ORIA63027'),
  ('ORIA63028', 'HAT HUONG DUONG HB-XA (per kg)', 'pantry', 200000, 0, 'ORIA63028', '🥫', NULL, '[]', NULL, 0, 1, 1781613889044, NULL, 'ORIA63028'),
  ('ORIA63029', 'HAT BI HB-XA (per kg)', 'pantry', 250000, 0, 'ORIA63029', '🥫', NULL, '[]', NULL, 0, 1, 1781613889044, NULL, 'ORIA63029'),
  ('ORIA63030', 'DUONG VANG GOLD MINERAL BH 1KG', 'pantry', 45000, 0, 'ORIA63030', '🥫', NULL, '[]', NULL, 0, 1, 1781613889044, NULL, 'ORIA63030'),
  ('ORIA63031', 'DA ME TAN LOC 900G', 'pantry', 110000, 0, 'ORIA63031', '🥫', NULL, '[]', NULL, 0, 1, 1781613889044, NULL, 'ORIA63031'),
  ('ORIA63032', 'VẢI THIEU FOODCLUB LON 565G', 'pantry', 50000, 0, 'ORIA63032', '🥫', NULL, '[]', NULL, 0, 1, 1781613889044, NULL, 'ORIA63032'),
  ('ORIA64002', 'TAM CHI KR ORALCLEAN DENTALUSH', 'personal-care', 45000, 0, 'ORIA64002', '🧴', NULL, '[]', NULL, 0, 1, 1781613889044, NULL, 'ORIA64002'),
  ('ORIA64003', 'BAN CHAI DANH RANG HPR VI 12', 'personal-care', 12000, 0, 'ORIA64003', '🧴', NULL, '[]', NULL, 0, 1, 1781613889044, NULL, 'ORIA64003'),
  ('ORIA64004', 'BCDR TRE EM JORDAN STEP 1', 'personal-care', 45000, 0, 'ORIA64004', '🧴', NULL, '[]', NULL, 0, 1, 1781613889044, NULL, 'ORIA64004'),
  ('ORIA64005', 'BCDR TRE EM JORDAN STEP 2', 'personal-care', 50000, 0, 'ORIA64005', '🧴', NULL, '[]', NULL, 0, 1, 1781613889044, NULL, 'ORIA64005'),
  ('ORIA64006', 'BCDR TRE EM JORDAN STEP 3', 'personal-care', 45000, 0, 'ORIA64006', '🧴', NULL, '[]', NULL, 0, 1, 1781613889044, NULL, 'ORIA64006'),
  ('ORIA64007', 'BCDR SENSODYNE REPAIR& PROTECT 1C', 'personal-care', 55000, 0, 'ORIA64007', '🧴', NULL, '[]', NULL, 0, 1, 1781613889044, NULL, 'ORIA64007'),
  ('ORIA64008', 'KDR P/S TRE EM 2-6T H. CAM 45G', 'personal-care', 25000, 0, 'ORIA64008', '🧴', NULL, '[]', NULL, 0, 1, 1781613889044, NULL, 'ORIA64008'),
  ('ORIA64009', 'KDR P/S TRE EM 2-6T H.DAU 45G', 'personal-care', 26000, 0, 'ORIA64009', '🧴', NULL, '[]', NULL, 0, 1, 1781613889044, 'Tuýp', 'ORIA64009'),
  ('ORIA64010', 'KDR KODOMO TRE EM CAM 45G', 'personal-care', 27500, 0, 'ORIA64010', '🧴', NULL, '[]', NULL, 0, 1, 1781613889044, NULL, 'ORIA64010'),
  ('ORIA64011', 'KDR COL MF H. DUA HAU 100G', 'personal-care', 53000, 0, 'ORIA64011', '🧴', NULL, '[]', NULL, 0, 1, 1781613889044, 'Tuýp', 'ORIA64011'),
  ('ORIA64012', 'KDR CLOSEUP WN MNING KISS 100G', 'personal-care', 69000, 0, 'ORIA64012', '🧴', NULL, '[]', NULL, 0, 1, 1781613889044, 'Tuýp', 'ORIA64012'),
  ('ORIA64013', 'KDR CLOSEUP WN BEAU. GLOW 100G', 'personal-care', 69000, 0, 'ORIA64013', '🧴', NULL, '[]', NULL, 0, 1, 1781613889044, 'Tuýp', 'ORIA64013'),
  ('ORIA64014', 'KDR COLGATE TRANGSANG 100G', 'personal-care', 65000, 0, 'ORIA64014', '🧴', NULL, '[]', NULL, 0, 1, 1781613889044, 'Tuýp', 'ORIA64014'),
  ('ORIA64015', 'NSM LISTERINE COOL MINT 100ML', 'personal-care', 39000, 0, 'ORIA64015', '🧴', NULL, '[]', NULL, 0, 1, 1781613889044, 'Chai', 'ORIA64015'),
  ('ORIA64016', 'DCR DORCO RAPID2 TNB200YL4S 1L', 'personal-care', 32000, 0, 'ORIA64016', '🧴', NULL, '[]', NULL, 0, 1, 1781613889044, NULL, 'ORIA64016'),
  ('ORIA64017', 'KEM CAO RAU GILLETTE LIME 50G', 'personal-care', 75000, 0, 'ORIA64017', '🧴', NULL, '[]', NULL, 0, 1, 1781613889044, 'Tuýp', 'ORIA64017'),
  ('ORIA64018', 'BVS KOTEX DANG QUAN L/XL 2M', 'personal-care', 48000, 0, 'ORIA64018', '🧴', NULL, '[]', NULL, 0, 1, 1781613889044, NULL, 'ORIA64018'),
  ('ORIA64019', 'BVS KOTEX QUAN HERBAL L/XL 2M', 'personal-care', 50000, 0, 'ORIA64019', '🧴', NULL, '[]', NULL, 0, 1, 1781613889044, NULL, 'ORIA64019'),
  ('ORIA64020', 'BVS KOTEX QUAN COOL M/L 2M', 'personal-care', 65000, 0, 'ORIA64020', '🧴', NULL, '[]', NULL, 0, 1, 1781613889044, 'Gói', 'ORIA64020'),
  ('ORIA64021', 'BUS LAURIER B.DEM 35CM 4M*4', 'personal-care', 35000, 0, 'ORIA64021', '🧴', NULL, '[]', NULL, 0, 1, 1781613889044, NULL, 'ORIA64021'),
  ('ORIA64022', 'BUS LAURIER SMONG 22.5CM 10M*4', 'personal-care', 50000, 0, 'ORIA64022', '🧴', NULL, '[]', NULL, 0, 1, 1781613889044, NULL, 'ORIA64022'),
  ('ORIA64023', 'BUS DIANA SENSI HNGAY KK 20M*6', 'personal-care', 25000, 0, 'ORIA64023', '🧴', NULL, '[]', NULL, 0, 1, 1781613889044, NULL, 'ORIA64023'),
  ('ORIA64024', 'BVS SOFY SKIN C.ULTRA 26CM 17M', 'personal-care', 112000, 0, 'ORIA64024', '🧴', NULL, '[]', NULL, 0, 1, 1781613889044, 'Gói', 'ORIA64024'),
  ('ORIA64025', 'K.TRANG MAYAN3D PM2.5 KIDS++*5', 'personal-care', 40000, 0, 'ORIA64025', '🧴', NULL, '[]', NULL, 0, 1, 1781613889044, 'Gói', 'ORIA64025'),
  ('ORIA64026', 'TAM RAI TAI MM 200 CAY*2', 'personal-care', 17000, 0, 'ORIA64026', '🧴', NULL, '[]', NULL, 0, 1, 1781613889044, 'Gói', 'ORIA64026'),
  ('ORIA64027', 'TAM RAY TAI MM TRE EM 160CAY*2', 'personal-care', 18000, 0, 'ORIA64027', '🧴', NULL, '[]', NULL, 0, 1, 1781613889044, NULL, 'ORIA64027'),
  ('ORIA64028', 'DAY CHA LUNG BESICO YK06', 'personal-care', 36000, 0, 'ORIA64028', '🧴', NULL, '[]', NULL, 0, 1, 1781613889044, 'Cái', 'ORIA64028'),
  ('ORIA64029', 'BANG DO VAI BESICO YK12', 'personal-care', 47000, 0, 'ORIA64029', '🧴', NULL, '[]', NULL, 0, 1, 1781613889044, 'Cái', 'ORIA64029'),
  ('ORIA65002', 'BO OMO DO 800/770G', 'household', 55000, 0, 'ORIA65002', '🧹', NULL, '[]', NULL, 0, 1, 1781613889044, NULL, 'ORIA65002'),
  ('ORIA65003', 'BQ PRO THAI SACH HIEUQUA 4.5KG', 'household', 170000, 0, 'ORIA65003', '🧹', NULL, '[]', NULL, 0, 1, 1781613889044, 'Gói', 'ORIA65003'),
  ('ORIA65004', 'XBT VIM D.NANG SIEU MANH500ML', 'household', 53000, 0, 'ORIA65004', '🧹', NULL, '[]', NULL, 0, 1, 1781613889044, 'Chai', 'ORIA65004'),
  ('ORIA65005', 'VIEN TREO BC VIM LAVENDER 55G', 'household', 37000, 0, 'ORIA65005', '🧹', NULL, '[]', NULL, 0, 1, 1781613889044, 'Cái', 'ORIA65005'),
  ('ORIA65006', 'VIEN TREO BC VIM TX&CHANH 55G', 'household', 37000, 0, 'ORIA65006', '🧹', NULL, '[]', NULL, 0, 1, 1781613889044, 'Cái', 'ORIA65006'),
  ('ORIA65007', 'SAP THOM AMBIPUR H.BI 180G*2', 'household', 89000, 0, 'ORIA65007', '🧹', NULL, '[]', NULL, 0, 1, 1781613889044, 'Cái', 'ORIA65007'),
  ('ORIA65008', 'NON BAO HIEM CHITA CT54', 'household', 200000, 0, 'ORIA65008', '🧹', NULL, '[]', NULL, 0, 1, 1781613889044, 'Cái', 'ORIA65008'),
  ('ORIA66002', 'DUA BO DE TACH 20CM -20 D/GOI', 'packaging', 35000, 0, 'ORIA66002', '🥡', NULL, '[]', NULL, 0, 1, 1781613889044, 'Gói', 'ORIA66002'),
  ('ORIA66003', 'BICH100 MUONGGO KOKUSAI-006484 10C', 'packaging', 18000, 0, 'ORIA66003', '🥡', NULL, '[]', NULL, 0, 1, 1781613889044, NULL, 'ORIA66003'),
  ('ORIA66004', 'LY GIAY HNF 30Z* 10C', 'packaging', 15000, 0, 'ORIA66004', '🥡', NULL, '[]', NULL, 0, 1, 1781613889044, 'Gói', 'ORIA66004'),
  ('ORIA66005', 'LY GIAY HNF 22OZ*5C', 'packaging', 25000, 0, 'ORIA66005', '🥡', NULL, '[]', NULL, 0, 1, 1781613889044, 'Gói', 'ORIA66005'),
  ('ORIA66006', 'LY BAMIA GRACZ L051 260ML-10', 'packaging', 32000, 0, 'ORIA66006', '🥡', NULL, '[]', NULL, 0, 1, 1781613889044, 'Gói', 'ORIA66006'),
  ('ORIA66007', 'TOGIAY TRON MMPRO 2PE 70Z*10', 'packaging', 26000, 0, 'ORIA66007', '🥡', NULL, '[]', NULL, 0, 1, 1781613889044, 'Gói', 'ORIA66007'),
  ('ORIA66008', 'CHENNAP TB NGO H.DELI 120ML-5C', 'packaging', 20000, 0, 'ORIA66008', '🥡', NULL, '[]', NULL, 0, 1, 1781613889044, 'Gói', 'ORIA66008'),
  ('ORIA66009', 'TO BAMIA GRACZ LO26 350ML 10', 'packaging', 35000, 0, 'ORIA66009', '🥡', NULL, '[]', NULL, 0, 1, 1781613889044, 'Gói', 'ORIA66009'),
  ('ORIA66010', 'TO BAMIA GRACZ LO38 875ML 10C', 'packaging', 50000, 0, 'ORIA66010', '🥡', NULL, '[]', NULL, 0, 1, 1781613889044, 'Gói', 'ORIA66010'),
  ('ORIA66011', 'DIA GIAY MMPRO 13CM*10', 'packaging', 30000, 0, 'ORIA66011', '🥡', NULL, '[]', NULL, 0, 1, 1781613889044, NULL, 'ORIA66011'),
  ('ORIA66012', 'DIA GIAY MMPRO 18CM*10', 'packaging', 50000, 0, 'ORIA66012', '🥡', NULL, '[]', NULL, 0, 1, 1781613889044, NULL, 'ORIA66012'),
  ('ORIA66013', 'DIA GIAY HNF 23CM*10', 'packaging', 55000, 0, 'ORIA66013', '🥡', NULL, '[]', NULL, 0, 1, 1781613889044, 'Gói', 'ORIA66013'),
  ('ORIA66014', 'DIA BA MIA GRACZ 10IN 10C/L', 'packaging', 55000, 0, 'ORIA66014', '🥡', NULL, '[]', NULL, 0, 1, 1781613889044, NULL, 'ORIA66014'),
  ('ORIA66015', 'BO50 KHAY GIAYLOT CD L.F TRON', 'packaging', 85000, 0, 'ORIA66015', '🥡', NULL, '[]', NULL, 0, 1, 1781613889044, 'Bộ', 'ORIA66015'),
  ('ORIA66016', 'BO50 KHAY GIAYLOT CD L.F VUONG', 'packaging', 65000, 0, 'ORIA66016', '🥡', NULL, '[]', NULL, 0, 1, 1781613889044, 'Bộ', 'ORIA66016'),
  ('ORIA66017', 'KHAY NHOM N.GIAY KCW 14.5*20', 'packaging', 106500, 0, 'ORIA66017', '🥡', NULL, '[]', NULL, 0, 1, 1781613889044, 'Khay', 'ORIA66017'),
  ('ORIA66018', 'KHAY NHOM N.GIAY KCW 21.5CM*10', 'packaging', 130000, 0, 'ORIA66018', '🥡', NULL, '[]', NULL, 0, 1, 1781613889044, 'Gói', 'ORIA66018'),
  ('ORIA66019', 'KHAY NHOM N.GIAY KCW-31.5CM*10', 'packaging', 184000, 0, 'ORIA66019', '🥡', NULL, '[]', NULL, 0, 1, 1781613889044, 'Gói', 'ORIA66019'),
  ('ORIA66020', 'GIAY NUONG ANNAPURNA 30X40CM', 'packaging', 46000, 0, 'ORIA66020', '🥡', NULL, '[]', NULL, 0, 1, 1781613889044, 'Cuộn', 'ORIA66020'),
  ('ORIA66021', 'GIAY CHONG DINH MM 30CM*10M', 'packaging', 55000, 0, 'ORIA66021', '🥡', NULL, '[]', NULL, 0, 1, 1781613889044, 'Cuộn', 'ORIA66021'),
  ('ORIA66022', 'MANG PVC THP 30CM*150M', 'packaging', 165000, 0, 'ORIA66022', '🥡', NULL, '[]', NULL, 0, 1, 1781613889044, 'Cuộn', 'ORIA66022'),
  ('ORIA66023', 'B.THAM DAU MM TUI22*19.5CM 50T', 'packaging', 66000, 0, 'ORIA66023', '🥡', NULL, '[]', NULL, 0, 1, 1781613889044, 'Túi', 'ORIA66023'),
  ('ORIA66024', 'TUI TP PHSH DEODE017*25CM 500G', 'packaging', 93000, 0, 'ORIA66024', '🥡', NULL, '[]', NULL, 0, 1, 1781613889044, NULL, 'ORIA66024'),
  ('ORIA66025', 'TUI TP PHSH DEODE025*35CM 500G', 'packaging', 93000, 0, 'ORIA66025', '🥡', NULL, '[]', NULL, 0, 1, 1781613889044, 'Túi', 'ORIA66025'),
  ('ORIA66026', 'BAO TAY TIEN DUNG LDPE KOKUSAI', 'packaging', 39000, 0, 'ORIA66026', '🥡', NULL, '[]', NULL, 0, 1, 1781613889044, 'Hộp', 'ORIA66026'),
  ('ORIA66027', 'BAO TAY NYLON FY HOP X.LA-100C', 'packaging', 35000, 0, 'ORIA66027', '🥡', NULL, '[]', NULL, 0, 1, 1781613889044, 'Hộp', 'ORIA66027'),
  ('ORIA66028', 'KHAN UOT BOBBY K. HUONG 100T', 'packaging', 55000, 0, 'ORIA66028', '🥡', NULL, '[]', NULL, 0, 1, 1781613889044, 'Gói', 'ORIA66028'),
  ('ORIA66029', 'GIAY LUA B.YOU H.ME/ALAVIE 250T', 'packaging', 29000, 0, 'ORIA66029', '🥡', NULL, '[]', NULL, 0, 1, 1781613889044, 'Gói', 'ORIA66029'),
  ('ORIA66030', 'K.GIAY BLESSYOU/ALAVIE HOP180T', 'packaging', 30000, 0, 'ORIA66030', '🥡', NULL, '[]', NULL, 0, 1, 1781613889044, 'Hộp', 'ORIA66030'),
  ('ORIA66031', 'GVS BLESS YOU H.M/ALAVIE CUON*20', 'packaging', 22000, 0, 'ORIA66031', '🥡', NULL, '[]', NULL, 0, 1, 1781613889044, 'Cuộn', 'ORIA66031'),
  ('ORIA61034', 'BANH PINATSU DUA 80G', 'snacks', 15000, 0, 'ORIA61034', '🍿', NULL, '[]', NULL, 0, 1, 1781613889044, 'Gói', 'ORIA61034'),
  ('ORIA61036', 'BANH KHO ME 300G', 'snacks', 90000, 0, 'ORIA61036', '🍿', NULL, '[]', NULL, 0, 1, 1781613889044, 'Hộp', 'ORIA61036'),
  ('ORIA61035', 'SNACK BENTO H.SAN CAY NONG 22G', 'snacks', 30000, 0, 'ORIA61035', '🍿', NULL, '[]', NULL, 0, 1, 1781613889044, NULL, 'ORIA61035')
on conflict (id) do update set
  name = excluded.name,
  category_id = excluded.category_id,
  price = excluded.price,
  cost_price = excluded.cost_price,
  barcode = excluded.barcode,
  image = excluded.image,
  description = excluded.description,
  component_ids = excluded.component_ids,
  inventory_mode = excluded.inventory_mode,
  min_stock = excluded.min_stock,
  is_active = excluded.is_active,
  updated_at = excluded.updated_at,
  unit = excluded.unit,
  sku_code = excluded.sku_code
;

-- inventory
insert into inventory (product_id, qty_on_hand, location, updated_at) values
  ('ORIA61001', 0, 'main', 1781613889044),
  ('ORIA61002', 0, 'main', 1781613889044),
  ('ORIA61003', 0, 'main', 1781613889044),
  ('ORIA61004', 0, 'main', 1781613889044),
  ('ORIA61005', 0, 'main', 1781613889044),
  ('ORIA61006', 0, 'main', 1781613889044),
  ('ORIA61007', 0, 'main', 1781613889044),
  ('ORIA61008', 0, 'main', 1781613889044),
  ('ORIA61009', 0, 'main', 1781613889044),
  ('ORIA61010', 0, 'main', 1781613889044),
  ('ORIA61011', 0, 'main', 1781613889044),
  ('ORIA61012', 0, 'main', 1781613889044),
  ('ORIA61013', 0, 'main', 1781613889044),
  ('ORIA61014', 0, 'main', 1781613889044),
  ('ORIA61015', 0, 'main', 1781613889044),
  ('ORIA61016', 0, 'main', 1781613889044),
  ('ORIA61017', 0, 'main', 1781613889044),
  ('ORIA61018', 0, 'main', 1781613889044),
  ('ORIA61019', 0, 'main', 1781613889044),
  ('ORIA61020', 0, 'main', 1781613889044),
  ('ORIA61021', 0, 'main', 1781613889044),
  ('ORIA61022', 0, 'main', 1781613889044),
  ('ORIA61023', 0, 'main', 1781613889044),
  ('ORIA61024', 0, 'main', 1781613889044),
  ('ORIA61025', 0, 'main', 1781613889044),
  ('ORIA61026', 0, 'main', 1781613889044),
  ('ORIA61027', 0, 'main', 1781613889044),
  ('ORIA61028', 0, 'main', 1781613889044),
  ('ORIA61029', 0, 'main', 1781613889044),
  ('ORIA61030', 0, 'main', 1781613889044),
  ('ORIA61031', 0, 'main', 1781613889044),
  ('ORIA61032', 0, 'main', 1781613889044),
  ('ORIA61033', 0, 'main', 1781613889044),
  ('ORIA62002', 0, 'main', 1781613889044),
  ('ORIA62003', 0, 'main', 1781613889044),
  ('ORIA62004', 0, 'main', 1781613889044),
  ('ORIA62005', 0, 'main', 1781613889044),
  ('ORIA62006', 0, 'main', 1781613889044),
  ('ORIA62007', 0, 'main', 1781613889044),
  ('ORIA62008', 0, 'main', 1781613889044),
  ('ORIA62009', 0, 'main', 1781613889044),
  ('ORIA62010', 0, 'main', 1781613889044),
  ('ORIA62011', 0, 'main', 1781613889044),
  ('ORIA62012', 0, 'main', 1781613889044),
  ('ORIA62013', 0, 'main', 1781613889044),
  ('ORIA62014', 0, 'main', 1781613889044),
  ('ORIA62015', 0, 'main', 1781613889044),
  ('ORIA62016', 0, 'main', 1781613889044),
  ('ORIA62017', 0, 'main', 1781613889044),
  ('ORIA62018', 0, 'main', 1781613889044),
  ('ORIA62019', 0, 'main', 1781613889044),
  ('ORIA63002', 0, 'main', 1781613889044),
  ('ORIA63003', 0, 'main', 1781613889044),
  ('ORIA63004', 0, 'main', 1781613889044),
  ('ORIA63005', 0, 'main', 1781613889044),
  ('ORIA63006', 0, 'main', 1781613889044),
  ('ORIA63007', 0, 'main', 1781613889044),
  ('ORIA63008', 0, 'main', 1781613889044),
  ('ORIA63009', 0, 'main', 1781613889044),
  ('ORIA63010', 0, 'main', 1781613889044),
  ('ORIA63011', 0, 'main', 1781613889044),
  ('ORIA63012', 0, 'main', 1781613889044),
  ('ORIA63013', 0, 'main', 1781613889044),
  ('ORIA63014', 0, 'main', 1781613889044),
  ('ORIA63015', 0, 'main', 1781613889044),
  ('ORIA63016', 0, 'main', 1781613889044),
  ('ORIA63017', 0, 'main', 1781613889044),
  ('ORIA63018', 0, 'main', 1781613889044),
  ('ORIA63019', 0, 'main', 1781613889044),
  ('ORIA63020', 0, 'main', 1781613889044),
  ('ORIA63021', 0, 'main', 1781613889044),
  ('ORIA63022', 0, 'main', 1781613889044),
  ('ORIA63023', 0, 'main', 1781613889044),
  ('ORIA63024', 0, 'main', 1781613889044),
  ('ORIA63025', 0, 'main', 1781613889044),
  ('ORIA63026', 0, 'main', 1781613889044),
  ('ORIA63027', 0, 'main', 1781613889044),
  ('ORIA63028', 0, 'main', 1781613889044),
  ('ORIA63029', 0, 'main', 1781613889044),
  ('ORIA63030', 0, 'main', 1781613889044),
  ('ORIA63031', 0, 'main', 1781613889044),
  ('ORIA63032', 0, 'main', 1781613889044),
  ('ORIA64002', 0, 'main', 1781613889044),
  ('ORIA64003', 0, 'main', 1781613889044),
  ('ORIA64004', 0, 'main', 1781613889044),
  ('ORIA64005', 0, 'main', 1781613889044),
  ('ORIA64006', 0, 'main', 1781613889044),
  ('ORIA64007', 0, 'main', 1781613889044),
  ('ORIA64008', 0, 'main', 1781613889044),
  ('ORIA64009', 0, 'main', 1781613889044),
  ('ORIA64010', 0, 'main', 1781613889044),
  ('ORIA64011', 0, 'main', 1781613889044),
  ('ORIA64012', 0, 'main', 1781613889044),
  ('ORIA64013', 0, 'main', 1781613889044),
  ('ORIA64014', 0, 'main', 1781613889044),
  ('ORIA64015', 0, 'main', 1781613889044),
  ('ORIA64016', 0, 'main', 1781613889044),
  ('ORIA64017', 0, 'main', 1781613889044),
  ('ORIA64018', 0, 'main', 1781613889044),
  ('ORIA64019', 0, 'main', 1781613889044),
  ('ORIA64020', 0, 'main', 1781613889044),
  ('ORIA64021', 0, 'main', 1781613889044),
  ('ORIA64022', 0, 'main', 1781613889044),
  ('ORIA64023', 0, 'main', 1781613889044),
  ('ORIA64024', 0, 'main', 1781613889044),
  ('ORIA64025', 0, 'main', 1781613889044),
  ('ORIA64026', 0, 'main', 1781613889044),
  ('ORIA64027', 0, 'main', 1781613889044),
  ('ORIA64028', 0, 'main', 1781613889044),
  ('ORIA64029', 0, 'main', 1781613889044),
  ('ORIA65002', 0, 'main', 1781613889044),
  ('ORIA65003', 0, 'main', 1781613889044),
  ('ORIA65004', 0, 'main', 1781613889044),
  ('ORIA65005', 0, 'main', 1781613889044),
  ('ORIA65006', 0, 'main', 1781613889044),
  ('ORIA65007', 0, 'main', 1781613889044),
  ('ORIA65008', 0, 'main', 1781613889044),
  ('ORIA66002', 0, 'main', 1781613889044),
  ('ORIA66003', 0, 'main', 1781613889044),
  ('ORIA66004', 0, 'main', 1781613889044),
  ('ORIA66005', 0, 'main', 1781613889044),
  ('ORIA66006', 0, 'main', 1781613889044),
  ('ORIA66007', 0, 'main', 1781613889044),
  ('ORIA66008', 0, 'main', 1781613889044),
  ('ORIA66009', 0, 'main', 1781613889044),
  ('ORIA66010', 0, 'main', 1781613889044),
  ('ORIA66011', 0, 'main', 1781613889044),
  ('ORIA66012', 0, 'main', 1781613889044),
  ('ORIA66013', 0, 'main', 1781613889044),
  ('ORIA66014', 0, 'main', 1781613889044),
  ('ORIA66015', 0, 'main', 1781613889044),
  ('ORIA66016', 0, 'main', 1781613889044),
  ('ORIA66017', 0, 'main', 1781613889044),
  ('ORIA66018', 0, 'main', 1781613889044),
  ('ORIA66019', 0, 'main', 1781613889044),
  ('ORIA66020', 0, 'main', 1781613889044),
  ('ORIA66021', 0, 'main', 1781613889044),
  ('ORIA66022', 0, 'main', 1781613889044),
  ('ORIA66023', 0, 'main', 1781613889044),
  ('ORIA66024', 0, 'main', 1781613889044),
  ('ORIA66025', 0, 'main', 1781613889044),
  ('ORIA66026', 0, 'main', 1781613889044),
  ('ORIA66027', 0, 'main', 1781613889044),
  ('ORIA66028', 0, 'main', 1781613889044),
  ('ORIA66029', 0, 'main', 1781613889044),
  ('ORIA66030', 0, 'main', 1781613889044),
  ('ORIA66031', 0, 'main', 1781613889044),
  ('ORIA61034', 0, 'main', 1781613889044),
  ('ORIA61036', 0, 'main', 1781613889044),
  ('ORIA61035', 0, 'main', 1781613889044)
on conflict (product_id) do update set
  qty_on_hand = excluded.qty_on_hand,
  location = excluded.location,
  updated_at = excluded.updated_at
;

-- settings
insert into settings (key, value, updated_at) values
  ('shop', '{"storeName":"OriaFarm","brandLine":"ORIAFARM","brandDisplayName":"OriaFarm","branchName":"Quầy Linh Trần","address":"123 Nguyễn Huệ, Quận 1, TP.HCM","phone":"0909 123 456","taxId":"0312345678","cashierName":"Linh Tran","openHours":"07:00 - 22:00","receiptFooter":"Cảm ơn quý khách đã ghé OriaFarm. / Thank you for visiting OriaFarm.","vatNote":"Giá đã bao gồm VAT / Prices include VAT","logoUrl":"/logo.png","logoPrintUrl":"/logo-thermal.png"}'::jsonb, 1781613889044),
  ('invoice_templates', '{"templates":[{"id":"invoice-classic","name":"Mẫu A — Cổ điển 80mm / Classic 80mm","title":"HÓA ĐƠN BÁN HÀNG / SALES RECEIPT","subtitle":"Mẫu A — Logo + địa chỉ + tổng (giá đã bao gồm VAT) / Logo + address + total (VAT included)","footer":"Cảm ơn quý khách đã ghé OriaFarm. / Thank you for visiting OriaFarm.","showSubtitle":true,"showAddress":true,"showBranch":true,"showPhone":true,"showTaxId":true,"showCashier":true,"showCustomerName":true,"showPaymentMethod":true,"showUnitPrice":true,"showCashReceived":true,"showChangeDue":true,"showOrderMeta":true},{"id":"invoice-vat","name":"FnB VAT Invoice","title":"HÓA ĐƠN VAT / VAT INVOICE","subtitle":"Dùng cho khách doanh nghiệp và xuất VAT / For business customers and VAT requests","footer":"Vui lòng đối chiếu thông tin doanh nghiệp trước khi xuất hóa đơn VAT. / Please verify business details before issuing the VAT invoice.","showSubtitle":true,"showAddress":true,"showBranch":true,"showPhone":true,"showTaxId":true,"showCashier":true,"showCustomerName":true,"showPaymentMethod":true,"showUnitPrice":true,"showCashReceived":true,"showChangeDue":true,"showOrderMeta":true}],"selectedId":"invoice-vat"}'::jsonb, 1781613889044),
  ('barcode_templates', '{"templates":[{"id":"barcode-retail","name":"Retail Sticker","prefix":"TFH","suffix":"01","width":180,"height":72,"printWidthMm":90,"printHeightMm":55,"title":"Tem bán lẻ / Retail Label","subtitle":"Dùng cho quầy / For counter sales","showName":true,"showPrice":true,"showStoreName":true,"showCategory":true,"showBarcodeValue":true,"accent":"#db5d17"},{"id":"barcode-shelf","name":"Shelf Label","prefix":"SHELF","suffix":"A","width":220,"height":84,"printWidthMm":100,"printHeightMm":62,"title":"Tem kệ hàng / Shelf Label","subtitle":"Dành cho trưng bày / For display","showName":true,"showPrice":false,"showStoreName":true,"showCategory":true,"showBarcodeValue":true,"accent":"#6dbb59"}],"selectedId":"barcode-retail"}'::jsonb, 1781613889044),
  ('selected_invoice_template_id', '"invoice-vat"'::jsonb, 1781613889044),
  ('selected_barcode_template_id', '"barcode-retail"'::jsonb, 1781613889044)
on conflict (key) do update set
  value = excluded.value,
  updated_at = excluded.updated_at
;

-- users
insert into users (id, email, password_hash, role, full_name, is_active, created_at, updated_at) values
  ('usr_admin', 'admin@shopprogram.local', '9e19e51e88c9fcf0beffff3c723e9b400117df6c841505a8725632ad74c3ecb8', 'admin', 'Default Admin', 1, 1781613889044, 1781613889044),
  ('usr_manager', 'manager@shopprogram.local', '38dff1c3dda8345352245ce53a4ebe764b87470f8c8ad43d805f5096129b235d', 'manager', 'Default Manager', 1, 1781613889044, 1781613889044),
  ('usr_cashier', 'cashier@shopprogram.local', 'edae5c97f5aa3b493ddee3164ef2a046b101aa241cdee00f3c8afc3aafc0b24a', 'cashier', 'Default Cashier', 1, 1781613889044, 1781613889044),
  ('usr_inventory', 'inventory@shopprogram.local', '1f2c46ca072a2dad5ff1449d38177edd4cbd2d1c6a2c8bfae123f1b8f2c0212c', 'inventory', 'Default Inventory Staff', 1, 1781613889044, 1781613889044),
  ('usr_accountant', 'accountant@shopprogram.local', '004c7ef32e73a8852e845d26b9d6eeebf9f80c5eab1d3dffe6cd6d925aea07c2', 'accountant', 'Default Accountant', 1, 1781613889044, 1781613889044)
on conflict (id) do update set
  email = excluded.email,
  password_hash = excluded.password_hash,
  role = excluded.role,
  full_name = excluded.full_name,
  is_active = excluded.is_active,
  updated_at = excluded.updated_at
;

commit;
